mirna	target_gene	score	cell_type
hsa-miR-3680-3p	SOX6	0.96989286	Astrocyte
hsa-miR-3680-3p	RBMS3	0.9557634	Astrocyte
hsa-miR-3180-5p	PCSK6	0.9526976	Astrocyte
hsa-miR-4659b-3p	IGDCC4	0.94297296	Astrocyte
hsa-miR-3180-5p	MAMDC2	0.94293517	Astrocyte
hsa-miR-3180-5p	ZFHX4	0.94166267	Astrocyte
hsa-miR-3180-5p	BACE2	0.93673927	Astrocyte
hsa-miR-3180-5p	BACH2	0.9360071	Astrocyte
hsa-miR-3180-5p	OLR1	0.9338541	Astrocyte
hsa-miR-3680-3p	PAG1	0.9252602	Astrocyte
hsa-miR-3680-3p	SEMA6A	0.92245954	Astrocyte
hsa-miR-4659b-3p	CYTL1	0.9184005	Astrocyte
hsa-miR-4769-3p	RASSF3	0.9162576	Astrocyte
hsa-miR-3180-5p	PFN2	0.9088612	Astrocyte
hsa-miR-3180-5p	NEDD9	0.90816194	Astrocyte
hsa-miR-140-5p	TGFBR1	0.9078973	Astrocyte
hsa-miR-3180-5p	ABTB2	0.90095323	Astrocyte
hsa-miR-146a-3p	MASP1	0.90041083	Astrocyte
hsa-miR-4659b-3p	NEUROD1	0.9003486	Astrocyte
hsa-miR-19b-3p	ROR1	0.9002024	Astrocyte
hsa-miR-19b-3p	SOX6	0.8988278	Astrocyte
hsa-miR-3180-5p	NXPH1	0.896033	Astrocyte
hsa-miR-3680-3p	MAP3K1	0.8954509	Astrocyte
hsa-miR-3163	IGFBP3	0.8947471	Astrocyte
hsa-miR-1283	HSPA1B	0.8947014	Astrocyte
hsa-miR-4659b-3p	PLXDC2	0.8943622	Astrocyte
hsa-miR-3680-3p	PALLD	0.89342535	Astrocyte
hsa-miR-4659b-3p	TNFSF13B	0.8924447	Astrocyte
hsa-miR-4659b-3p	RBMS3	0.89220226	Astrocyte
hsa-miR-3680-3p	ZFP36L1	0.891416	Astrocyte
hsa-miR-4659b-3p	COL4A1	0.88874197	Astrocyte
hsa-miR-3180-5p	ADCY2	0.8874241	Astrocyte
hsa-miR-3680-3p	BACH2	0.8869078	Astrocyte
hsa-miR-3680-3p	BCL11B	0.8866876	Astrocyte
hsa-miR-3180-5p	TENM4	0.8861548	Astrocyte
hsa-miR-19b-3p	IGFBP3	0.8838134	Astrocyte
hsa-miR-3680-3p	RAI14	0.88213474	Astrocyte
hsa-miR-17-5p	PBX3	0.87909603	Astrocyte
hsa-miR-19b-3p	GPCPD1	0.8784814	Astrocyte
hsa-miR-17-5p	CD69	0.8783944	Astrocyte
hsa-miR-4659b-3p	PRDM1	0.8770307	Astrocyte
hsa-miR-140-5p	PRDM1	0.87508667	Astrocyte
hsa-miR-3942-5p	NHLH1	0.8743629	Astrocyte
hsa-miR-3680-3p	SLC2A3	0.8717196	Astrocyte
hsa-miR-3180-5p	PADI2	0.8712588	Astrocyte
hsa-miR-3163	TFPI	0.87066597	Astrocyte
hsa-miR-3680-3p	KCNN3	0.86993533	Astrocyte
hsa-miR-3680-3p	CNTN5	0.86855954	Astrocyte
hsa-miR-3180-5p	TNFRSF1A	0.8674966	Astrocyte
hsa-miR-3180-5p	SLC1A2	0.8663119	Astrocyte
hsa-miR-3180-5p	SNX7	0.86608267	Astrocyte
hsa-miR-4659b-3p	RIMKLB	0.8654819	Astrocyte
hsa-miR-3180-5p	QRSL1	0.86384475	Astrocyte
hsa-miR-585-5p	SPARC	0.8631871	Astrocyte
hsa-miR-146a-3p	VAV3	0.8620221	Astrocyte
hsa-miR-3163	IRAK3	0.8614598	Astrocyte
hsa-miR-19b-3p	NEUROD1	0.8605679	Astrocyte
hsa-miR-3680-3p	PCSK5	0.8596307	Astrocyte
hsa-miR-3680-3p	FNDC3B	0.8592553	Astrocyte
hsa-miR-202-3p	PEG10	0.85885775	Astrocyte
hsa-miR-3163	MAMDC2	0.8568093	Astrocyte
hsa-miR-4659b-3p	DACH1	0.8559846	Astrocyte
hsa-miR-4659b-3p	ST8SIA4	0.8552932	Astrocyte
hsa-miR-3180-5p	KLHL13	0.8547912	Astrocyte
hsa-miR-4659b-3p	NR5A2	0.85001713	Astrocyte
hsa-miR-3680-3p	CTTNBP2NL	0.848807	Astrocyte
hsa-miR-4659b-3p	MEDAG	0.8471938	Astrocyte
hsa-miR-3680-3p	ZBTB2	0.8466165	Astrocyte
hsa-miR-3163	ITGA8	0.8461291	Astrocyte
hsa-miR-4659b-3p	IL1R1	0.8437288	Astrocyte
hsa-miR-3942-5p	PEG10	0.84341323	Astrocyte
hsa-miR-4659b-3p	PCDH15	0.8403132	Astrocyte
hsa-miR-3680-3p	CNN3	0.8401091	Astrocyte
hsa-miR-3680-3p	CBLB	0.8396071	Astrocyte
hsa-miR-19b-3p	ARHGAP11A	0.83942336	Astrocyte
hsa-miR-3180-5p	CD36	0.83889794	Astrocyte
hsa-miR-202-3p	RCN1	0.83791476	Astrocyte
hsa-miR-19b-3p	ATP10A	0.83317703	Astrocyte
hsa-miR-17-5p	BCL11B	0.8327907	Astrocyte
hsa-miR-1283	PDZRN3	0.8322046	Astrocyte
hsa-miR-6872-3p	SH3BGR	0.83178264	Astrocyte
hsa-miR-19b-3p	PFN2	0.83170885	Astrocyte
hsa-miR-19b-3p	ZNF516	0.8308421	Astrocyte
hsa-miR-3163	KIT	0.8303091	Astrocyte
hsa-miR-3680-3p	USP6NL	0.82948136	Astrocyte
hsa-miR-4659b-3p	ADAMTS6	0.82881397	Astrocyte
hsa-miR-3163	MOXD1	0.828749	Astrocyte
hsa-miR-140-5p	ROR1	0.82864004	Astrocyte
hsa-miR-17-5p	HAS2	0.8283968	Astrocyte
hsa-miR-19b-3p	MAP3K1	0.82804334	Astrocyte
hsa-miR-19b-3p	SOX4	0.827825	Astrocyte
hsa-miR-17-5p	FAT2	0.82532173	Astrocyte
hsa-miR-140-5p	ANO6	0.8240785	Astrocyte
hsa-miR-3680-3p	PLXNA4	0.8238857	Astrocyte
hsa-miR-3163	LOX	0.82293713	Astrocyte
hsa-miR-4659b-3p	CA10	0.82274336	Astrocyte
hsa-miR-3680-3p	MAOA	0.8224997	Astrocyte
hsa-miR-19b-3p	FOXP2	0.8214491	Astrocyte
hsa-miR-3180-5p	NOX4	0.82135993	Astrocyte
hsa-miR-1283	OLR1	0.8210781	Astrocyte
hsa-miR-3163	MEX3A	0.81998026	Astrocyte
hsa-miR-1283	HES1	0.8177192	Astrocyte
hsa-miR-202-3p	COL4A2	0.817056	Astrocyte
hsa-miR-3680-3p	FGFR3	0.8155289	Astrocyte
hsa-miR-3680-3p	ATP11C	0.8154793	Astrocyte
hsa-miR-3942-5p	NR2F2	0.81477237	Astrocyte
hsa-miR-17-5p	PDGFRA	0.8146958	Astrocyte
hsa-miR-4659b-3p	EBF1	0.81432974	Astrocyte
hsa-miR-585-5p	KIAA1217	0.8137628	Astrocyte
hsa-miR-19b-3p	RBMS3	0.8127136	Astrocyte
hsa-miR-4659b-3p	EYS	0.8123636	Astrocyte
hsa-miR-3180-5p	CD86	0.8118165	Astrocyte
hsa-miR-19b-3p	LIN9	0.8093933	Astrocyte
hsa-miR-3163	MYO10	0.80809444	Astrocyte
hsa-miR-19b-3p	MID1	0.8079348	Astrocyte
hsa-miR-3680-3p	F2R	0.8078949	Astrocyte
hsa-miR-3163	PLXDC2	0.8073035	Astrocyte
hsa-miR-3163	TNR	0.80720055	Astrocyte
hsa-miR-4659b-3p	CALCRL	0.80621296	Astrocyte
hsa-miR-3680-3p	TENT5C	0.8034088	Astrocyte
hsa-miR-1283	THSD7B	0.8022075	Astrocyte
hsa-miR-4659b-3p	RSPO3	0.8015464	Astrocyte
hsa-miR-3680-3p	EDN1	0.79985386	Astrocyte
hsa-miR-17-5p	PLXDC2	0.7976439	Astrocyte
hsa-miR-140-5p	IGFBP5	0.79729676	Astrocyte
hsa-miR-5580-3p	PFN2	0.79659826	Astrocyte
hsa-miR-3163	APOLD1	0.79599065	Astrocyte
hsa-miR-3180-5p	HTR2C	0.7958537	Astrocyte
hsa-miR-4659b-3p	PMCH	0.7958472	Astrocyte
hsa-miR-4659b-3p	PLXNA4	0.79579675	Astrocyte
hsa-miR-585-5p	ANKRD13B	0.79487544	Astrocyte
hsa-miR-18b-5p	XYLT1	0.79419106	Astrocyte
hsa-miR-3163	PELI1	0.7941732	Astrocyte
hsa-miR-4659b-3p	CDC14A	0.79328215	Astrocyte
hsa-miR-1283	PTPRZ1	0.79319745	Astrocyte
hsa-miR-3163	VAV3	0.7927184	Astrocyte
hsa-miR-4659b-3p	ID4	0.79263115	Astrocyte
hsa-miR-1283	SOD2	0.7925078	Astrocyte
hsa-miR-19b-3p	TIA1	0.79119766	Astrocyte
hsa-miR-1283	MAP3K1	0.79113	Astrocyte
hsa-miR-4659b-3p	SLC4A4	0.7909142	Astrocyte
hsa-miR-4659b-3p	CRIM1	0.7897921	Astrocyte
hsa-miR-3163	CGNL1	0.78868705	Astrocyte
hsa-miR-17-5p	PAG1	0.7874301	Astrocyte
hsa-miR-3163	KITLG	0.7872761	Astrocyte
hsa-miR-3680-3p	TFRC	0.78699654	Astrocyte
hsa-miR-5580-3p	PHACTR2	0.78508496	Astrocyte
hsa-miR-3180-5p	TENM3	0.7809908	Astrocyte
hsa-miR-17-5p	LRIG1	0.7804617	Astrocyte
hsa-miR-3680-3p	GEM	0.7789447	Astrocyte
hsa-miR-4659b-3p	SAMD4A	0.7783584	Astrocyte
hsa-miR-17-5p	TGFBR2	0.7782725	Astrocyte
hsa-miR-4769-3p	SEMA6A	0.7775031	Astrocyte
hsa-miR-4659b-3p	COL4A4	0.7771766	Astrocyte
hsa-miR-3680-3p	KCNMB2	0.77714753	Astrocyte
hsa-miR-4659b-3p	DIO2	0.77627814	Astrocyte
hsa-miR-3680-3p	CCBE1	0.775951	Astrocyte
hsa-miR-3942-5p	CRISPLD1	0.77538735	Astrocyte
hsa-miR-3163	NEUROD1	0.77533567	Astrocyte
hsa-miR-19b-3p	C11orf96	0.7734096	Astrocyte
hsa-miR-5580-3p	PID1	0.7695361	Astrocyte
hsa-miR-19b-3p	LRIG1	0.76705015	Astrocyte
hsa-miR-4659b-3p	ABCA1	0.76587003	Astrocyte
hsa-miR-146a-3p	SHISA6	0.7656935	Astrocyte
hsa-miR-4505	SHISA6	0.7655178	Astrocyte
hsa-miR-19b-3p	ITGA6	0.7651292	Astrocyte
hsa-miR-202-3p	GPCPD1	0.76388985	Astrocyte
hsa-miR-3163	PRLR	0.7630693	Astrocyte
hsa-miR-146a-3p	ETS2	0.75991225	Astrocyte
hsa-miR-17-5p	TMEM100	0.7595072	Astrocyte
hsa-miR-4659b-3p	MAF	0.75855935	Astrocyte
hsa-miR-3942-5p	ABCC9	0.7578727	Astrocyte
hsa-miR-3942-5p	TNFRSF11B	0.7575408	Astrocyte
hsa-miR-1283	ST8SIA1	0.7556702	Astrocyte
hsa-miR-585-5p	LGR4	0.75483686	Astrocyte
hsa-miR-3163	LOXL3	0.7545418	Astrocyte
hsa-miR-1283	NAMPT	0.75313807	Astrocyte
hsa-miR-3163	SMAD6	0.75296915	Astrocyte
hsa-miR-3163	B3GNT5	0.75160134	Astrocyte
hsa-miR-3942-5p	CALCRL	0.751538	Astrocyte
hsa-miR-17-5p	ANO6	0.7511315	Astrocyte
hsa-miR-1283	SORCS1	0.74993813	Astrocyte
hsa-miR-19b-3p	FLNC	0.749413	Astrocyte
hsa-miR-3163	BRINP3	0.7487261	Astrocyte
hsa-miR-17-5p	LRP8	0.74764055	Astrocyte
hsa-miR-4659b-3p	COL8A1	0.747526	Astrocyte
hsa-miR-19b-3p	TNFAIP3	0.7472463	Astrocyte
hsa-miR-3942-5p	PCSK6	0.7467995	Astrocyte
hsa-miR-3163	PELI2	0.7464607	Astrocyte
hsa-miR-17-5p	HIF1A	0.7458596	Astrocyte
hsa-miR-3680-3p	SLIT2	0.7443832	Astrocyte
hsa-miR-4505	GLIS2	0.7413639	Astrocyte
hsa-miR-3163	FNDC3B	0.74107635	Astrocyte
hsa-miR-19b-3p	PTPRD	0.7408716	Astrocyte
hsa-miR-1283	TCF7L1	0.7407237	Astrocyte
hsa-miR-3942-5p	CXCL16	0.7406284	Astrocyte
hsa-miR-1283	PTN	0.73939776	Astrocyte
hsa-miR-3163	WDFY4	0.73893905	Astrocyte
hsa-miR-4659b-3p	HIF1A	0.7382291	Astrocyte
hsa-miR-585-5p	LHFPL2	0.7381848	Astrocyte
hsa-miR-548ae-3p	COL4A1	0.98065877	B_cell
hsa-miR-548ae-3p	IGFBP3	0.97981775	B_cell
hsa-miR-3680-3p	SOX6	0.96989286	B_cell
hsa-miR-548am-3p	COL4A1	0.9690326	B_cell
hsa-miR-548ae-3p	TGFBR1	0.9605114	B_cell
hsa-miR-548am-3p	IGFBP3	0.9562119	B_cell
hsa-miR-3680-3p	RBMS3	0.9557634	B_cell
hsa-miR-548aq-3p	COL1A1	0.9530902	B_cell
hsa-miR-3180-5p	PCSK6	0.9526976	B_cell
hsa-miR-548ae-3p	GJA3	0.9484482	B_cell
hsa-miR-548aq-3p	IGFBP3	0.94551414	B_cell
hsa-miR-4659b-3p	IGDCC4	0.94297296	B_cell
hsa-miR-3180-5p	MAMDC2	0.94293517	B_cell
hsa-miR-3180-5p	ZFHX4	0.94166267	B_cell
hsa-miR-548aq-3p	COL4A1	0.94137263	B_cell
hsa-miR-548ae-3p	CCL3L3	0.9389637	B_cell
hsa-miR-548ae-3p	THSD7B	0.9388279	B_cell
hsa-miR-548aq-3p	THSD7B	0.9384773	B_cell
hsa-miR-3180-5p	BACE2	0.93673927	B_cell
hsa-miR-3180-5p	BACH2	0.9360071	B_cell
hsa-miR-3180-5p	OLR1	0.9338541	B_cell
hsa-miR-494-3p	PELI1	0.9321944	B_cell
hsa-miR-548ae-3p	SCG2	0.92932296	B_cell
hsa-miR-548am-3p	TGFBR1	0.92753315	B_cell
hsa-miR-548ae-3p	ROR1	0.9253968	B_cell
hsa-miR-3680-3p	PAG1	0.9252602	B_cell
hsa-miR-3680-3p	SEMA6A	0.92245954	B_cell
hsa-miR-548ae-3p	NOTCH2	0.9217731	B_cell
hsa-miR-4659b-3p	CYTL1	0.9184005	B_cell
hsa-miR-4769-3p	RASSF3	0.9162576	B_cell
hsa-miR-548aq-3p	ROR1	0.9148481	B_cell
hsa-miR-548ae-3p	SCN9A	0.91133803	B_cell
hsa-miR-548ae-3p	FGD6	0.91115135	B_cell
hsa-miR-3180-5p	PFN2	0.9088612	B_cell
hsa-miR-3180-5p	NEDD9	0.90816194	B_cell
hsa-miR-140-5p	TGFBR1	0.9078973	B_cell
hsa-miR-548am-3p	TFPI2	0.9060756	B_cell
hsa-miR-548aq-3p	TFPI2	0.905659	B_cell
hsa-miR-548ae-3p	TFPI2	0.90532154	B_cell
hsa-miR-548ae-3p	GNB4	0.9013184	B_cell
hsa-miR-548aq-3p	TGFBR1	0.9012501	B_cell
hsa-miR-3180-5p	ABTB2	0.90095323	B_cell
hsa-miR-146a-3p	MASP1	0.90041083	B_cell
hsa-miR-4659b-3p	NEUROD1	0.9003486	B_cell
hsa-miR-19b-3p	ROR1	0.9002024	B_cell
hsa-miR-548aq-3p	SCG2	0.8998735	B_cell
hsa-miR-548ae-3p	RIMKLB	0.8998221	B_cell
hsa-miR-548ae-3p	KCTD12	0.8991678	B_cell
hsa-miR-548ae-3p	FSTL1	0.898837	B_cell
hsa-miR-19b-3p	SOX6	0.8988278	B_cell
hsa-miR-548ae-3p	TCF7L2	0.8985874	B_cell
hsa-miR-203a-3p	B3GNT5	0.8978132	B_cell
hsa-miR-3180-5p	NXPH1	0.896033	B_cell
hsa-miR-548am-3p	CCL3L3	0.8957848	B_cell
hsa-miR-3680-3p	MAP3K1	0.8954509	B_cell
hsa-miR-548ae-3p	COL1A1	0.89485794	B_cell
hsa-miR-4659b-3p	PLXDC2	0.8943622	B_cell
hsa-miR-494-3p	TBC1D4	0.89411074	B_cell
hsa-miR-3680-3p	PALLD	0.89342535	B_cell
hsa-miR-4659b-3p	TNFSF13B	0.8924447	B_cell
hsa-miR-548ae-3p	VGLL3	0.89233047	B_cell
hsa-miR-4659b-3p	RBMS3	0.89220226	B_cell
hsa-miR-548ae-3p	RBM47	0.8920438	B_cell
hsa-miR-548ae-3p	GABRG1	0.8918954	B_cell
hsa-miR-3680-3p	ZFP36L1	0.891416	B_cell
hsa-miR-548ae-3p	SOX6	0.88909644	B_cell
hsa-miR-548ae-3p	PYGO1	0.88909125	B_cell
hsa-miR-4659b-3p	COL4A1	0.88874197	B_cell
hsa-miR-548aq-3p	RIMKLB	0.8877892	B_cell
hsa-miR-3180-5p	ADCY2	0.8874241	B_cell
hsa-miR-25-3p	ITGA6	0.886938	B_cell
hsa-miR-3680-3p	BACH2	0.8869078	B_cell
hsa-miR-3680-3p	BCL11B	0.8866876	B_cell
hsa-miR-3180-5p	TENM4	0.8861548	B_cell
hsa-miR-548ae-3p	ZBTB2	0.884954	B_cell
hsa-miR-548am-3p	PYGO1	0.88494855	B_cell
hsa-miR-548aq-3p	ZBTB2	0.8844348	B_cell
hsa-miR-19b-3p	IGFBP3	0.8838134	B_cell
hsa-miR-494-3p	PLOD2	0.88262767	B_cell
hsa-miR-548am-3p	VGLL3	0.88235056	B_cell
hsa-miR-3680-3p	RAI14	0.88213474	B_cell
hsa-miR-548ae-3p	CCND1	0.8815281	B_cell
hsa-miR-548aq-3p	FGD6	0.8805422	B_cell
hsa-miR-548au-5p	FNDC3B	0.87952244	B_cell
hsa-miR-548am-3p	SCN9A	0.87947947	B_cell
hsa-miR-17-5p	PBX3	0.87909603	B_cell
hsa-miR-19b-3p	GPCPD1	0.8784814	B_cell
hsa-miR-17-5p	CD69	0.8783944	B_cell
hsa-miR-548ae-3p	PALM2AKAP2	0.8778801	B_cell
hsa-miR-548ae-3p	ARHGAP29	0.87771356	B_cell
hsa-miR-4659b-3p	PRDM1	0.8770307	B_cell
hsa-miR-548am-3p	THSD7B	0.8751126	B_cell
hsa-miR-140-5p	PRDM1	0.87508667	B_cell
hsa-miR-548aq-3p	FGFR3	0.8742279	B_cell
hsa-miR-548ae-3p	FLI1	0.8721949	B_cell
hsa-miR-494-3p	ALK	0.8721189	B_cell
hsa-miR-3680-3p	SLC2A3	0.8717196	B_cell
hsa-miR-3180-5p	PADI2	0.8712588	B_cell
hsa-miR-3680-3p	KCNN3	0.86993533	B_cell
hsa-miR-494-3p	TSHZ2	0.86920273	B_cell
hsa-miR-3680-3p	CNTN5	0.86855954	B_cell
hsa-miR-494-3p	FSTL5	0.8684269	B_cell
hsa-miR-3180-5p	TNFRSF1A	0.8674966	B_cell
hsa-miR-203a-3p	RBM47	0.8669479	B_cell
hsa-miR-3180-5p	SLC1A2	0.8663119	B_cell
hsa-miR-3180-5p	SNX7	0.86608267	B_cell
hsa-miR-4659b-3p	RIMKLB	0.8654819	B_cell
hsa-miR-548aq-3p	SCN9A	0.86503524	B_cell
hsa-miR-494-3p	NAMPT	0.86436474	B_cell
hsa-miR-548ae-3p	MYC	0.8639927	B_cell
hsa-miR-3180-5p	QRSL1	0.86384475	B_cell
hsa-miR-548am-3p	SCG2	0.8636742	B_cell
hsa-miR-548am-3p	RIMKLB	0.86276054	B_cell
hsa-miR-548aq-3p	FSTL1	0.8621594	B_cell
hsa-miR-548aq-3p	PYGO1	0.8620616	B_cell
hsa-miR-146a-3p	VAV3	0.8620221	B_cell
hsa-miR-548ae-3p	IQGAP2	0.8612717	B_cell
hsa-miR-19b-3p	NEUROD1	0.8605679	B_cell
hsa-miR-548aq-3p	CCL3L3	0.86046517	B_cell
hsa-miR-548au-5p	TMTC1	0.86001176	B_cell
hsa-miR-3680-3p	PCSK5	0.8596307	B_cell
hsa-miR-3680-3p	FNDC3B	0.8592553	B_cell
hsa-miR-202-3p	PEG10	0.85885775	B_cell
hsa-miR-548am-3p	GNB4	0.8583094	B_cell
hsa-miR-494-3p	ZFHX4	0.8564543	B_cell
hsa-miR-548aq-3p	PTH2R	0.85606724	B_cell
hsa-miR-4659b-3p	DACH1	0.8559846	B_cell
hsa-miR-4659b-3p	ST8SIA4	0.8552932	B_cell
hsa-miR-3180-5p	KLHL13	0.8547912	B_cell
hsa-miR-494-3p	TOR1AIP1	0.85371363	B_cell
hsa-miR-548aq-3p	VGLL3	0.8534019	B_cell
hsa-miR-548aq-3p	GNB4	0.8501151	B_cell
hsa-miR-4659b-3p	NR5A2	0.85001713	B_cell
hsa-miR-3680-3p	CTTNBP2NL	0.848807	B_cell
hsa-miR-548am-3p	ROR1	0.8481682	B_cell
hsa-miR-25-3p	COL27A1	0.84721696	B_cell
hsa-miR-4659b-3p	MEDAG	0.8471938	B_cell
hsa-miR-3680-3p	ZBTB2	0.8466165	B_cell
hsa-miR-548ae-3p	NAMPT	0.84560937	B_cell
hsa-miR-548ae-3p	PTH2R	0.8453291	B_cell
hsa-miR-4659b-3p	IL1R1	0.8437288	B_cell
hsa-miR-548aq-3p	PALM2AKAP2	0.84316736	B_cell
hsa-miR-25-3p	FZD10	0.8415198	B_cell
hsa-miR-203a-3p	MAP3K1	0.8414257	B_cell
hsa-miR-4659b-3p	PCDH15	0.8403132	B_cell
hsa-miR-3680-3p	CNN3	0.8401091	B_cell
hsa-miR-3680-3p	CBLB	0.8396071	B_cell
hsa-miR-19b-3p	ARHGAP11A	0.83942336	B_cell
hsa-miR-548aq-3p	SOX2	0.8393313	B_cell
hsa-miR-3180-5p	CD36	0.83889794	B_cell
hsa-miR-203a-3p	SHISA6	0.83877635	B_cell
hsa-miR-202-3p	RCN1	0.83791476	B_cell
hsa-miR-548ae-3p	FGFR3	0.83559644	B_cell
hsa-miR-548am-3p	FOXP2	0.83443004	B_cell
hsa-miR-548ae-3p	BCOR	0.83395696	B_cell
hsa-miR-19b-3p	ATP10A	0.83317703	B_cell
hsa-miR-17-5p	BCL11B	0.8327907	B_cell
hsa-miR-6872-3p	SH3BGR	0.83178264	B_cell
hsa-miR-19b-3p	PFN2	0.83170885	B_cell
hsa-miR-548am-3p	TCF7L2	0.83109933	B_cell
hsa-miR-19b-3p	ZNF516	0.8308421	B_cell
hsa-miR-494-3p	PCP4	0.82955265	B_cell
hsa-miR-3680-3p	USP6NL	0.82948136	B_cell
hsa-miR-548am-3p	NOTCH2	0.82885486	B_cell
hsa-miR-4659b-3p	ADAMTS6	0.82881397	B_cell
hsa-miR-140-5p	ROR1	0.82864004	B_cell
hsa-miR-548am-3p	PALM2AKAP2	0.8286189	B_cell
hsa-miR-548am-3p	RBM47	0.8285398	B_cell
hsa-miR-17-5p	HAS2	0.8283968	B_cell
hsa-miR-19b-3p	MAP3K1	0.82804334	B_cell
hsa-miR-19b-3p	SOX4	0.827825	B_cell
hsa-miR-494-3p	TFPI	0.8263574	B_cell
hsa-miR-17-5p	FAT2	0.82532173	B_cell
hsa-miR-548ae-3p	TRHDE	0.8248445	B_cell
hsa-miR-548aq-3p	CECR2	0.8246616	B_cell
hsa-miR-140-5p	ANO6	0.8240785	B_cell
hsa-miR-3680-3p	PLXNA4	0.8238857	B_cell
hsa-miR-548aq-3p	RBM47	0.8229856	B_cell
hsa-miR-4659b-3p	CA10	0.82274336	B_cell
hsa-miR-3680-3p	MAOA	0.8224997	B_cell
hsa-miR-548aq-3p	GAS1	0.82239693	B_cell
hsa-miR-19b-3p	FOXP2	0.8214491	B_cell
hsa-miR-3180-5p	NOX4	0.82135993	B_cell
hsa-miR-548ae-3p	PAG1	0.8210589	B_cell
hsa-miR-203a-3p	MID1	0.8210096	B_cell
hsa-miR-548am-3p	ZBTB2	0.81972593	B_cell
hsa-miR-548au-5p	JARID2	0.81966215	B_cell
hsa-miR-548ae-3p	CECR2	0.8188469	B_cell
hsa-miR-202-3p	COL4A2	0.817056	B_cell
hsa-miR-548am-3p	FGD6	0.8164181	B_cell
hsa-miR-3680-3p	FGFR3	0.8155289	B_cell
hsa-miR-3680-3p	ATP11C	0.8154793	B_cell
hsa-miR-17-5p	PDGFRA	0.8146958	B_cell
hsa-miR-548am-3p	SOX6	0.814539	B_cell
hsa-miR-4659b-3p	EBF1	0.81432974	B_cell
hsa-miR-548aq-3p	MYC	0.8135272	B_cell
hsa-miR-19b-3p	RBMS3	0.8127136	B_cell
hsa-miR-4659b-3p	EYS	0.8123636	B_cell
hsa-miR-3180-5p	CD86	0.8118165	B_cell
hsa-miR-548am-3p	PELI1	0.8117211	B_cell
hsa-miR-3680-3p	SOX6	0.96989286	CD4_T
hsa-miR-3680-3p	RBMS3	0.9557634	CD4_T
hsa-miR-3180-5p	PCSK6	0.9526976	CD4_T
hsa-miR-4659b-3p	IGDCC4	0.94297296	CD4_T
hsa-miR-3180-5p	MAMDC2	0.94293517	CD4_T
hsa-miR-3180-5p	ZFHX4	0.94166267	CD4_T
hsa-miR-3180-5p	BACE2	0.93673927	CD4_T
hsa-miR-3180-5p	BACH2	0.9360071	CD4_T
hsa-miR-3180-5p	OLR1	0.9338541	CD4_T
hsa-miR-494-3p	PELI1	0.9321944	CD4_T
hsa-miR-3680-3p	PAG1	0.9252602	CD4_T
hsa-miR-3680-3p	SEMA6A	0.92245954	CD4_T
hsa-miR-4659b-3p	CYTL1	0.9184005	CD4_T
hsa-miR-4769-3p	RASSF3	0.9162576	CD4_T
hsa-miR-3180-5p	PFN2	0.9088612	CD4_T
hsa-miR-3180-5p	NEDD9	0.90816194	CD4_T
hsa-miR-140-5p	TGFBR1	0.9078973	CD4_T
hsa-miR-3180-5p	ABTB2	0.90095323	CD4_T
hsa-miR-146a-3p	MASP1	0.90041083	CD4_T
hsa-miR-4659b-3p	NEUROD1	0.9003486	CD4_T
hsa-miR-19b-3p	ROR1	0.9002024	CD4_T
hsa-miR-19b-3p	SOX6	0.8988278	CD4_T
hsa-miR-203a-3p	B3GNT5	0.8978132	CD4_T
hsa-miR-3180-5p	NXPH1	0.896033	CD4_T
hsa-miR-3680-3p	MAP3K1	0.8954509	CD4_T
hsa-miR-4659b-3p	PLXDC2	0.8943622	CD4_T
hsa-miR-494-3p	TBC1D4	0.89411074	CD4_T
hsa-miR-3680-3p	PALLD	0.89342535	CD4_T
hsa-miR-4659b-3p	TNFSF13B	0.8924447	CD4_T
hsa-miR-4659b-3p	RBMS3	0.89220226	CD4_T
hsa-miR-3680-3p	ZFP36L1	0.891416	CD4_T
hsa-miR-4659b-3p	COL4A1	0.88874197	CD4_T
hsa-miR-3180-5p	ADCY2	0.8874241	CD4_T
hsa-miR-3680-3p	BACH2	0.8869078	CD4_T
hsa-miR-3680-3p	BCL11B	0.8866876	CD4_T
hsa-miR-3180-5p	TENM4	0.8861548	CD4_T
hsa-miR-19b-3p	IGFBP3	0.8838134	CD4_T
hsa-miR-494-3p	PLOD2	0.88262767	CD4_T
hsa-miR-3680-3p	RAI14	0.88213474	CD4_T
hsa-miR-17-5p	PBX3	0.87909603	CD4_T
hsa-miR-19b-3p	GPCPD1	0.8784814	CD4_T
hsa-miR-17-5p	CD69	0.8783944	CD4_T
hsa-miR-4659b-3p	PRDM1	0.8770307	CD4_T
hsa-miR-140-5p	PRDM1	0.87508667	CD4_T
hsa-miR-494-3p	ALK	0.8721189	CD4_T
hsa-miR-3680-3p	SLC2A3	0.8717196	CD4_T
hsa-miR-3180-5p	PADI2	0.8712588	CD4_T
hsa-miR-3680-3p	KCNN3	0.86993533	CD4_T
hsa-miR-494-3p	TSHZ2	0.86920273	CD4_T
hsa-miR-3680-3p	CNTN5	0.86855954	CD4_T
hsa-miR-494-3p	FSTL5	0.8684269	CD4_T
hsa-miR-3180-5p	TNFRSF1A	0.8674966	CD4_T
hsa-miR-203a-3p	RBM47	0.8669479	CD4_T
hsa-miR-3180-5p	SLC1A2	0.8663119	CD4_T
hsa-miR-3180-5p	SNX7	0.86608267	CD4_T
hsa-miR-4659b-3p	RIMKLB	0.8654819	CD4_T
hsa-miR-494-3p	NAMPT	0.86436474	CD4_T
hsa-miR-3180-5p	QRSL1	0.86384475	CD4_T
hsa-miR-585-5p	SPARC	0.8631871	CD4_T
hsa-miR-146a-3p	VAV3	0.8620221	CD4_T
hsa-miR-19b-3p	NEUROD1	0.8605679	CD4_T
hsa-miR-3680-3p	PCSK5	0.8596307	CD4_T
hsa-miR-3680-3p	FNDC3B	0.8592553	CD4_T
hsa-miR-202-3p	PEG10	0.85885775	CD4_T
hsa-miR-494-3p	ZFHX4	0.8564543	CD4_T
hsa-miR-2113	IGFBP3	0.8564422	CD4_T
hsa-miR-4659b-3p	DACH1	0.8559846	CD4_T
hsa-miR-4659b-3p	ST8SIA4	0.8552932	CD4_T
hsa-miR-3180-5p	KLHL13	0.8547912	CD4_T
hsa-miR-494-3p	TOR1AIP1	0.85371363	CD4_T
hsa-miR-4659b-3p	NR5A2	0.85001713	CD4_T
hsa-miR-3680-3p	CTTNBP2NL	0.848807	CD4_T
hsa-miR-4659b-3p	MEDAG	0.8471938	CD4_T
hsa-miR-3680-3p	ZBTB2	0.8466165	CD4_T
hsa-miR-4659b-3p	IL1R1	0.8437288	CD4_T
hsa-miR-203a-3p	MAP3K1	0.8414257	CD4_T
hsa-miR-4659b-3p	PCDH15	0.8403132	CD4_T
hsa-miR-3680-3p	CNN3	0.8401091	CD4_T
hsa-miR-3680-3p	CBLB	0.8396071	CD4_T
hsa-miR-19b-3p	ARHGAP11A	0.83942336	CD4_T
hsa-miR-3180-5p	CD36	0.83889794	CD4_T
hsa-miR-203a-3p	SHISA6	0.83877635	CD4_T
hsa-miR-202-3p	RCN1	0.83791476	CD4_T
hsa-miR-2113	ABCC9	0.8365771	CD4_T
hsa-miR-19b-3p	ATP10A	0.83317703	CD4_T
hsa-miR-17-5p	BCL11B	0.8327907	CD4_T
hsa-miR-6872-3p	SH3BGR	0.83178264	CD4_T
hsa-miR-19b-3p	PFN2	0.83170885	CD4_T
hsa-miR-19b-3p	ZNF516	0.8308421	CD4_T
hsa-miR-494-3p	PCP4	0.82955265	CD4_T
hsa-miR-3680-3p	USP6NL	0.82948136	CD4_T
hsa-miR-4659b-3p	ADAMTS6	0.82881397	CD4_T
hsa-miR-140-5p	ROR1	0.82864004	CD4_T
hsa-miR-17-5p	HAS2	0.8283968	CD4_T
hsa-miR-19b-3p	MAP3K1	0.82804334	CD4_T
hsa-miR-19b-3p	SOX4	0.827825	CD4_T
hsa-miR-494-3p	TFPI	0.8263574	CD4_T
hsa-miR-17-5p	FAT2	0.82532173	CD4_T
hsa-miR-140-5p	ANO6	0.8240785	CD4_T
hsa-miR-3680-3p	PLXNA4	0.8238857	CD4_T
hsa-miR-4659b-3p	CA10	0.82274336	CD4_T
hsa-miR-3680-3p	MAOA	0.8224997	CD4_T
hsa-miR-19b-3p	FOXP2	0.8214491	CD4_T
hsa-miR-3180-5p	NOX4	0.82135993	CD4_T
hsa-miR-203a-3p	MID1	0.8210096	CD4_T
hsa-miR-202-3p	COL4A2	0.817056	CD4_T
hsa-miR-3680-3p	FGFR3	0.8155289	CD4_T
hsa-miR-3680-3p	ATP11C	0.8154793	CD4_T
hsa-miR-17-5p	PDGFRA	0.8146958	CD4_T
hsa-miR-4659b-3p	EBF1	0.81432974	CD4_T
hsa-miR-585-5p	KIAA1217	0.8137628	CD4_T
hsa-miR-19b-3p	RBMS3	0.8127136	CD4_T
hsa-miR-4659b-3p	EYS	0.8123636	CD4_T
hsa-miR-3180-5p	CD86	0.8118165	CD4_T
hsa-miR-19b-3p	LIN9	0.8093933	CD4_T
hsa-miR-19b-3p	MID1	0.8079348	CD4_T
hsa-miR-3680-3p	F2R	0.8078949	CD4_T
hsa-miR-494-3p	RUBCNL	0.8071585	CD4_T
hsa-miR-4659b-3p	CALCRL	0.80621296	CD4_T
hsa-miR-3680-3p	TENT5C	0.8034088	CD4_T
hsa-miR-4659b-3p	RSPO3	0.8015464	CD4_T
hsa-miR-3680-3p	EDN1	0.79985386	CD4_T
hsa-miR-17-5p	PLXDC2	0.7976439	CD4_T
hsa-miR-140-5p	IGFBP5	0.79729676	CD4_T
hsa-miR-5580-3p	PFN2	0.79659826	CD4_T
hsa-miR-3180-5p	HTR2C	0.7958537	CD4_T
hsa-miR-4659b-3p	PMCH	0.7958472	CD4_T
hsa-miR-4659b-3p	PLXNA4	0.79579675	CD4_T
hsa-miR-585-5p	ANKRD13B	0.79487544	CD4_T
hsa-miR-18b-5p	XYLT1	0.79419106	CD4_T
hsa-miR-4659b-3p	CDC14A	0.79328215	CD4_T
hsa-miR-4659b-3p	ID4	0.79263115	CD4_T
hsa-miR-19b-3p	TIA1	0.79119766	CD4_T
hsa-miR-4659b-3p	SLC4A4	0.7909142	CD4_T
hsa-miR-4659b-3p	CRIM1	0.7897921	CD4_T
hsa-miR-203a-3p	TC2N	0.7897267	CD4_T
hsa-miR-17-5p	PAG1	0.7874301	CD4_T
hsa-miR-3680-3p	TFRC	0.78699654	CD4_T
hsa-miR-5580-3p	PHACTR2	0.78508496	CD4_T
hsa-miR-494-3p	CH25H	0.7843986	CD4_T
hsa-miR-3180-5p	TENM3	0.7809908	CD4_T
hsa-miR-17-5p	LRIG1	0.7804617	CD4_T
hsa-miR-494-3p	BRIP1	0.78032255	CD4_T
hsa-miR-2113	EBF2	0.77904046	CD4_T
hsa-miR-3680-3p	GEM	0.7789447	CD4_T
hsa-miR-4659b-3p	SAMD4A	0.7783584	CD4_T
hsa-miR-17-5p	TGFBR2	0.7782725	CD4_T
hsa-miR-4769-3p	SEMA6A	0.7775031	CD4_T
hsa-miR-203a-3p	NFIL3	0.7774496	CD4_T
hsa-miR-4659b-3p	COL4A4	0.7771766	CD4_T
hsa-miR-3680-3p	KCNMB2	0.77714753	CD4_T
hsa-miR-4659b-3p	DIO2	0.77627814	CD4_T
hsa-miR-3680-3p	CCBE1	0.775951	CD4_T
hsa-miR-19b-3p	C11orf96	0.7734096	CD4_T
hsa-miR-494-3p	MYOF	0.77317077	CD4_T
hsa-miR-5580-3p	PID1	0.7695361	CD4_T
hsa-miR-19b-3p	LRIG1	0.76705015	CD4_T
hsa-miR-4659b-3p	ABCA1	0.76587003	CD4_T
hsa-miR-146a-3p	SHISA6	0.7656935	CD4_T
hsa-miR-19b-3p	ITGA6	0.7651292	CD4_T
hsa-miR-494-3p	ROBO2	0.7642273	CD4_T
hsa-miR-202-3p	GPCPD1	0.76388985	CD4_T
hsa-miR-494-3p	F2R	0.7608898	CD4_T
hsa-miR-146a-3p	ETS2	0.75991225	CD4_T
hsa-miR-17-5p	TMEM100	0.7595072	CD4_T
hsa-miR-4659b-3p	MAF	0.75855935	CD4_T
hsa-miR-585-5p	LGR4	0.75483686	CD4_T
hsa-miR-17-5p	ANO6	0.7511315	CD4_T
hsa-miR-494-3p	GLI3	0.7509741	CD4_T
hsa-miR-19b-3p	FLNC	0.749413	CD4_T
hsa-miR-561-3p	PBX3	0.748837	CD4_T
hsa-miR-17-5p	LRP8	0.74764055	CD4_T
hsa-miR-4659b-3p	COL8A1	0.747526	CD4_T
hsa-miR-19b-3p	TNFAIP3	0.7472463	CD4_T
hsa-miR-203a-3p	SLC16A12	0.74692786	CD4_T
hsa-miR-17-5p	HIF1A	0.7458596	CD4_T
hsa-miR-2113	GLRA2	0.74510014	CD4_T
hsa-miR-3680-3p	SLIT2	0.7443832	CD4_T
hsa-miR-494-3p	GULP1	0.7435206	CD4_T
hsa-miR-494-3p	SH3RF3	0.7418561	CD4_T
hsa-miR-19b-3p	PTPRD	0.7408716	CD4_T
hsa-miR-561-3p	CCL4	0.739309	CD4_T
hsa-miR-4659b-3p	HIF1A	0.7382291	CD4_T
hsa-miR-585-5p	LHFPL2	0.7381848	CD4_T
hsa-miR-17-5p	NTNG1	0.73729646	CD4_T
hsa-miR-6872-3p	COL25A1	0.73627925	CD4_T
hsa-miR-203a-3p	SEMA5A	0.7358472	CD4_T
hsa-miR-4769-3p	RCN1	0.73571295	CD4_T
hsa-miR-5580-3p	CFAP47	0.73444706	CD4_T
hsa-miR-5580-3p	LPP	0.73422724	CD4_T
hsa-miR-4659b-3p	PRRX1	0.73222214	CD4_T
hsa-miR-4659b-3p	SLC5A7	0.7317635	CD4_T
hsa-miR-494-3p	ARHGAP11A	0.73075587	CD4_T
hsa-miR-17-5p	MCL1	0.72802883	CD4_T
hsa-miR-140-5p	BACH1	0.72710687	CD4_T
hsa-miR-4659b-3p	GATA3	0.726355	CD4_T
hsa-miR-203a-3p	ROBO2	0.7259763	CD4_T
hsa-miR-4659b-3p	PCDH17	0.7217003	CD4_T
hsa-miR-202-3p	SYT2	0.7207279	CD4_T
hsa-miR-19b-3p	SAMD4A	0.72030413	CD4_T
hsa-miR-548ae-3p	COL4A1	0.98065877	CD8_T
hsa-miR-548ae-3p	IGFBP3	0.97981775	CD8_T
hsa-miR-3680-3p	SOX6	0.96989286	CD8_T
hsa-miR-548ae-3p	TGFBR1	0.9605114	CD8_T
hsa-miR-3680-3p	RBMS3	0.9557634	CD8_T
hsa-miR-548aq-3p	COL1A1	0.9530902	CD8_T
hsa-miR-3180-5p	PCSK6	0.9526976	CD8_T
hsa-miR-200b-3p	LOX	0.9492443	CD8_T
hsa-miR-450b-5p	PLXDC2	0.9490407	CD8_T
hsa-miR-548ae-3p	GJA3	0.9484482	CD8_T
hsa-miR-548aq-3p	IGFBP3	0.94551414	CD8_T
hsa-miR-4659b-3p	IGDCC4	0.94297296	CD8_T
hsa-miR-3180-5p	MAMDC2	0.94293517	CD8_T
hsa-miR-3180-5p	ZFHX4	0.94166267	CD8_T
hsa-miR-548aq-3p	COL4A1	0.94137263	CD8_T
hsa-miR-548ae-3p	CCL3L3	0.9389637	CD8_T
hsa-miR-548ae-3p	THSD7B	0.9388279	CD8_T
hsa-miR-548aq-3p	THSD7B	0.9384773	CD8_T
hsa-miR-3180-5p	BACE2	0.93673927	CD8_T
hsa-miR-3180-5p	BACH2	0.9360071	CD8_T
hsa-miR-3180-5p	OLR1	0.9338541	CD8_T
hsa-miR-200b-3p	PAG1	0.9317528	CD8_T
hsa-miR-200b-3p	ATP11C	0.9316501	CD8_T
hsa-miR-548ae-3p	SCG2	0.92932296	CD8_T
hsa-miR-200b-3p	MAP3K1	0.92840636	CD8_T
hsa-miR-551b-5p	VGLL3	0.9267656	CD8_T
hsa-miR-200b-3p	FNDC3B	0.925889	CD8_T
hsa-miR-548ae-3p	ROR1	0.9253968	CD8_T
hsa-miR-3680-3p	PAG1	0.9252602	CD8_T
hsa-miR-450b-5p	ZNF366	0.9238904	CD8_T
hsa-miR-3680-3p	SEMA6A	0.92245954	CD8_T
hsa-miR-548ae-3p	NOTCH2	0.9217731	CD8_T
hsa-miR-450b-5p	SOX6	0.9196103	CD8_T
hsa-miR-4659b-3p	CYTL1	0.9184005	CD8_T
hsa-miR-551b-5p	TMEM47	0.9166609	CD8_T
hsa-miR-4769-3p	RASSF3	0.9162576	CD8_T
hsa-miR-548aq-3p	ROR1	0.9148481	CD8_T
hsa-miR-548ae-3p	SCN9A	0.91133803	CD8_T
hsa-miR-548ae-3p	FGD6	0.91115135	CD8_T
hsa-miR-450b-5p	SORCS1	0.91055506	CD8_T
hsa-miR-450b-5p	BCL11B	0.90986097	CD8_T
hsa-miR-3180-5p	PFN2	0.9088612	CD8_T
hsa-miR-450b-5p	RBMS3	0.9086886	CD8_T
hsa-miR-200b-3p	KDR	0.9081903	CD8_T
hsa-miR-3180-5p	NEDD9	0.90816194	CD8_T
hsa-miR-450b-5p	BACH2	0.90806586	CD8_T
hsa-miR-551b-5p	TC2N	0.90790284	CD8_T
hsa-miR-140-5p	TGFBR1	0.9078973	CD8_T
hsa-miR-450b-5p	ATP11C	0.90693593	CD8_T
hsa-miR-450b-5p	DLK1	0.9067519	CD8_T
hsa-miR-548aq-3p	TFPI2	0.905659	CD8_T
hsa-miR-200b-3p	CECR2	0.90533453	CD8_T
hsa-miR-548ae-3p	TFPI2	0.90532154	CD8_T
hsa-miR-200b-3p	PRDM1	0.9041687	CD8_T
hsa-miR-548ae-3p	GNB4	0.9013184	CD8_T
hsa-miR-548aq-3p	TGFBR1	0.9012501	CD8_T
hsa-miR-3180-5p	ABTB2	0.90095323	CD8_T
hsa-miR-200b-3p	DGKH	0.90076524	CD8_T
hsa-miR-146a-3p	MASP1	0.90041083	CD8_T
hsa-miR-4659b-3p	NEUROD1	0.9003486	CD8_T
hsa-miR-19b-3p	ROR1	0.9002024	CD8_T
hsa-miR-548aq-3p	SCG2	0.8998735	CD8_T
hsa-miR-548ae-3p	RIMKLB	0.8998221	CD8_T
hsa-miR-548ae-3p	KCTD12	0.8991678	CD8_T
hsa-miR-548ae-3p	FSTL1	0.898837	CD8_T
hsa-miR-19b-3p	SOX6	0.8988278	CD8_T
hsa-miR-548ae-3p	TCF7L2	0.8985874	CD8_T
hsa-miR-200b-3p	NR5A2	0.8979632	CD8_T
hsa-miR-203a-3p	B3GNT5	0.8978132	CD8_T
hsa-miR-551b-5p	LPP	0.8974878	CD8_T
hsa-miR-200b-3p	IGF2R	0.8965003	CD8_T
hsa-miR-3180-5p	NXPH1	0.896033	CD8_T
hsa-miR-3680-3p	MAP3K1	0.8954509	CD8_T
hsa-miR-548ae-3p	COL1A1	0.89485794	CD8_T
hsa-miR-4659b-3p	PLXDC2	0.8943622	CD8_T
hsa-miR-3680-3p	PALLD	0.89342535	CD8_T
hsa-miR-450b-5p	MAMDC2	0.8928691	CD8_T
hsa-miR-4659b-3p	TNFSF13B	0.8924447	CD8_T
hsa-miR-548ae-3p	VGLL3	0.89233047	CD8_T
hsa-miR-4659b-3p	RBMS3	0.89220226	CD8_T
hsa-miR-548ae-3p	RBM47	0.8920438	CD8_T
hsa-miR-548ae-3p	GABRG1	0.8918954	CD8_T
hsa-miR-3680-3p	ZFP36L1	0.891416	CD8_T
hsa-miR-551b-5p	FNDC3B	0.889372	CD8_T
hsa-miR-551b-5p	CECR2	0.88935584	CD8_T
hsa-miR-548ae-3p	SOX6	0.88909644	CD8_T
hsa-miR-548ae-3p	PYGO1	0.88909125	CD8_T
hsa-miR-4659b-3p	COL4A1	0.88874197	CD8_T
hsa-miR-548aq-3p	RIMKLB	0.8877892	CD8_T
hsa-miR-3180-5p	ADCY2	0.8874241	CD8_T
hsa-miR-3680-3p	BACH2	0.8869078	CD8_T
hsa-miR-3680-3p	BCL11B	0.8866876	CD8_T
hsa-miR-3180-5p	TENM4	0.8861548	CD8_T
hsa-miR-200b-3p	GJC1	0.88507926	CD8_T
hsa-miR-548ae-3p	ZBTB2	0.884954	CD8_T
hsa-miR-548aq-3p	ZBTB2	0.8844348	CD8_T
hsa-miR-19b-3p	IGFBP3	0.8838134	CD8_T
hsa-miR-551b-5p	CASZ1	0.8824006	CD8_T
hsa-miR-3680-3p	RAI14	0.88213474	CD8_T
hsa-miR-548ae-3p	CCND1	0.8815281	CD8_T
hsa-miR-450b-5p	NR4A2	0.88111	CD8_T
hsa-miR-548aq-3p	FGD6	0.8805422	CD8_T
hsa-miR-548au-5p	FNDC3B	0.87952244	CD8_T
hsa-miR-17-5p	PBX3	0.87909603	CD8_T
hsa-miR-551b-5p	SLC7A11	0.8790159	CD8_T
hsa-miR-200b-3p	RASSF8	0.87894547	CD8_T
hsa-miR-19b-3p	GPCPD1	0.8784814	CD8_T
hsa-miR-17-5p	CD69	0.8783944	CD8_T
hsa-miR-551b-5p	COL1A2	0.8780363	CD8_T
hsa-miR-548ae-3p	PALM2AKAP2	0.8778801	CD8_T
hsa-miR-548ae-3p	ARHGAP29	0.87771356	CD8_T
hsa-miR-4659b-3p	PRDM1	0.8770307	CD8_T
hsa-miR-551b-5p	GABRG1	0.8758327	CD8_T
hsa-miR-140-5p	PRDM1	0.87508667	CD8_T
hsa-miR-200b-3p	CHSY1	0.87447304	CD8_T
hsa-miR-548aq-3p	FGFR3	0.8742279	CD8_T
hsa-miR-548ae-3p	FLI1	0.8721949	CD8_T
hsa-miR-3680-3p	SLC2A3	0.8717196	CD8_T
hsa-miR-200b-3p	TRHDE	0.8712963	CD8_T
hsa-miR-551b-5p	MAB21L1	0.8712656	CD8_T
hsa-miR-3180-5p	PADI2	0.8712588	CD8_T
hsa-miR-551b-5p	IQGAP2	0.8705512	CD8_T
hsa-miR-551b-5p	SAMD4A	0.8704178	CD8_T
hsa-miR-3680-3p	KCNN3	0.86993533	CD8_T
hsa-miR-551b-5p	RND3	0.8698206	CD8_T
hsa-miR-450b-5p	ZNF516	0.8689943	CD8_T
hsa-miR-3680-3p	CNTN5	0.86855954	CD8_T
hsa-miR-3180-5p	TNFRSF1A	0.8674966	CD8_T
hsa-miR-200b-3p	DACH1	0.8674243	CD8_T
hsa-miR-203a-3p	RBM47	0.8669479	CD8_T
hsa-miR-3180-5p	SLC1A2	0.8663119	CD8_T
hsa-miR-3180-5p	SNX7	0.86608267	CD8_T
hsa-miR-450b-5p	RUNX1	0.86592233	CD8_T
hsa-miR-4659b-3p	RIMKLB	0.8654819	CD8_T
hsa-miR-200b-3p	FSTL1	0.8653986	CD8_T
hsa-miR-548aq-3p	SCN9A	0.86503524	CD8_T
hsa-miR-450b-5p	FNDC3B	0.8646955	CD8_T
hsa-miR-548ae-3p	MYC	0.8639927	CD8_T
hsa-miR-3180-5p	QRSL1	0.86384475	CD8_T
hsa-miR-548aq-3p	FSTL1	0.8621594	CD8_T
hsa-miR-548aq-3p	PYGO1	0.8620616	CD8_T
hsa-miR-146a-3p	VAV3	0.8620221	CD8_T
hsa-miR-548ae-3p	IQGAP2	0.8612717	CD8_T
hsa-miR-19b-3p	NEUROD1	0.8605679	CD8_T
hsa-miR-548aq-3p	CCL3L3	0.86046517	CD8_T
hsa-miR-200b-3p	RIPK2	0.8604141	CD8_T
hsa-miR-548au-5p	TMTC1	0.86001176	CD8_T
hsa-miR-3680-3p	PCSK5	0.8596307	CD8_T
hsa-miR-551b-5p	S1PR1	0.8594334	CD8_T
hsa-miR-3680-3p	FNDC3B	0.8592553	CD8_T
hsa-miR-202-3p	PEG10	0.85885775	CD8_T
hsa-miR-200b-3p	CRH	0.85812324	CD8_T
hsa-miR-548aq-3p	PTH2R	0.85606724	CD8_T
hsa-miR-4659b-3p	DACH1	0.8559846	CD8_T
hsa-miR-4659b-3p	ST8SIA4	0.8552932	CD8_T
hsa-miR-200b-3p	HS3ST3A1	0.8549847	CD8_T
hsa-miR-3180-5p	KLHL13	0.8547912	CD8_T
hsa-miR-548aq-3p	VGLL3	0.8534019	CD8_T
hsa-miR-548aq-3p	GNB4	0.8501151	CD8_T
hsa-miR-4659b-3p	NR5A2	0.85001713	CD8_T
hsa-miR-3680-3p	CTTNBP2NL	0.848807	CD8_T
hsa-miR-450b-5p	CTTNBP2NL	0.84758335	CD8_T
hsa-miR-4659b-3p	MEDAG	0.8471938	CD8_T
hsa-miR-450b-5p	GPC6	0.84705716	CD8_T
hsa-miR-3680-3p	ZBTB2	0.8466165	CD8_T
hsa-miR-548ae-3p	NAMPT	0.84560937	CD8_T
hsa-miR-200b-3p	BCL11B	0.8453302	CD8_T
hsa-miR-548ae-3p	PTH2R	0.8453291	CD8_T
hsa-miR-551b-5p	ANGPT1	0.8452873	CD8_T
hsa-miR-200b-3p	SULF1	0.84508765	CD8_T
hsa-miR-4659b-3p	IL1R1	0.8437288	CD8_T
hsa-miR-548aq-3p	PALM2AKAP2	0.84316736	CD8_T
hsa-miR-203a-3p	MAP3K1	0.8414257	CD8_T
hsa-miR-4659b-3p	PCDH15	0.8403132	CD8_T
hsa-miR-3680-3p	CNN3	0.8401091	CD8_T
hsa-miR-3680-3p	CBLB	0.8396071	CD8_T
hsa-miR-19b-3p	ARHGAP11A	0.83942336	CD8_T
hsa-miR-548aq-3p	SOX2	0.8393313	CD8_T
hsa-miR-3180-5p	CD36	0.83889794	CD8_T
hsa-miR-203a-3p	SHISA6	0.83877635	CD8_T
hsa-miR-450b-5p	ISM1	0.8383457	CD8_T
hsa-miR-202-3p	RCN1	0.83791476	CD8_T
hsa-miR-200b-3p	FLI1	0.8367596	CD8_T
hsa-miR-551b-5p	SLA2	0.835981	CD8_T
hsa-miR-548ae-3p	FGFR3	0.83559644	CD8_T
hsa-miR-548ae-3p	BCOR	0.83395696	CD8_T
hsa-miR-19b-3p	ATP10A	0.83317703	CD8_T
hsa-miR-17-5p	BCL11B	0.8327907	CD8_T
hsa-miR-6872-3p	SH3BGR	0.83178264	CD8_T
hsa-miR-19b-3p	PFN2	0.83170885	CD8_T
hsa-miR-19b-3p	ZNF516	0.8308421	CD8_T
hsa-miR-3680-3p	USP6NL	0.82948136	CD8_T
hsa-miR-4659b-3p	ADAMTS6	0.82881397	CD8_T
hsa-miR-140-5p	ROR1	0.82864004	CD8_T
hsa-miR-17-5p	HAS2	0.8283968	CD8_T
hsa-miR-19b-3p	MAP3K1	0.82804334	CD8_T
hsa-miR-19b-3p	SOX4	0.827825	CD8_T
hsa-miR-200b-3p	ANKRD44	0.82764643	CD8_T
hsa-miR-551b-5p	MAP3K7CL	0.82551163	CD8_T
hsa-miR-17-5p	FAT2	0.82532173	CD8_T
hsa-miR-548ae-3p	COL4A1	0.98065877	Microglia
hsa-miR-548ae-3p	IGFBP3	0.97981775	Microglia
hsa-miR-3680-3p	SOX6	0.96989286	Microglia
hsa-miR-548ae-3p	TGFBR1	0.9605114	Microglia
hsa-miR-3680-3p	RBMS3	0.9557634	Microglia
hsa-miR-548aq-3p	COL1A1	0.9530902	Microglia
hsa-miR-3180-5p	PCSK6	0.9526976	Microglia
hsa-miR-548ae-3p	GJA3	0.9484482	Microglia
hsa-miR-548aq-3p	IGFBP3	0.94551414	Microglia
hsa-miR-4659b-3p	IGDCC4	0.94297296	Microglia
hsa-miR-3180-5p	MAMDC2	0.94293517	Microglia
hsa-miR-3180-5p	ZFHX4	0.94166267	Microglia
hsa-miR-548aq-3p	COL4A1	0.94137263	Microglia
hsa-miR-548ae-3p	CCL3L3	0.9389637	Microglia
hsa-miR-548ae-3p	THSD7B	0.9388279	Microglia
hsa-miR-548aq-3p	THSD7B	0.9384773	Microglia
hsa-miR-3180-5p	BACE2	0.93673927	Microglia
hsa-miR-3180-5p	BACH2	0.9360071	Microglia
hsa-miR-3180-5p	OLR1	0.9338541	Microglia
hsa-miR-548n	TMTC1	0.93285054	Microglia
hsa-miR-548n	ZFHX4	0.9328075	Microglia
hsa-miR-548n	THSD7A	0.93035674	Microglia
hsa-miR-548ae-3p	SCG2	0.92932296	Microglia
hsa-miR-548ae-3p	ROR1	0.9253968	Microglia
hsa-miR-3680-3p	PAG1	0.9252602	Microglia
hsa-miR-3680-3p	SEMA6A	0.92245954	Microglia
hsa-miR-548n	PELI1	0.92242545	Microglia
hsa-miR-548ae-3p	NOTCH2	0.9217731	Microglia
hsa-miR-548n	SOX6	0.9202283	Microglia
hsa-miR-4659b-3p	CYTL1	0.9184005	Microglia
hsa-miR-4769-3p	RASSF3	0.9162576	Microglia
hsa-miR-548aq-3p	ROR1	0.9148481	Microglia
hsa-miR-548as-5p	GPC6	0.91267604	Microglia
hsa-miR-548ae-3p	SCN9A	0.91133803	Microglia
hsa-miR-548ae-3p	FGD6	0.91115135	Microglia
hsa-miR-3180-5p	PFN2	0.9088612	Microglia
hsa-miR-3180-5p	NEDD9	0.90816194	Microglia
hsa-miR-140-5p	TGFBR1	0.9078973	Microglia
hsa-miR-548aq-3p	TFPI2	0.905659	Microglia
hsa-miR-548ae-3p	TFPI2	0.90532154	Microglia
hsa-miR-548n	LRIG1	0.90327924	Microglia
hsa-miR-548ae-3p	GNB4	0.9013184	Microglia
hsa-miR-548aq-3p	TGFBR1	0.9012501	Microglia
hsa-miR-3180-5p	ABTB2	0.90095323	Microglia
hsa-miR-4659b-3p	NEUROD1	0.9003486	Microglia
hsa-miR-19b-3p	ROR1	0.9002024	Microglia
hsa-miR-548aq-3p	SCG2	0.8998735	Microglia
hsa-miR-548ae-3p	RIMKLB	0.8998221	Microglia
hsa-miR-548ae-3p	KCTD12	0.8991678	Microglia
hsa-miR-548ae-3p	FSTL1	0.898837	Microglia
hsa-miR-19b-3p	SOX6	0.8988278	Microglia
hsa-miR-548ae-3p	TCF7L2	0.8985874	Microglia
hsa-miR-133a-3p	EMP2	0.8968021	Microglia
hsa-miR-3180-5p	NXPH1	0.896033	Microglia
hsa-miR-3680-3p	MAP3K1	0.8954509	Microglia
hsa-miR-548ae-3p	COL1A1	0.89485794	Microglia
hsa-miR-3163	IGFBP3	0.8947471	Microglia
hsa-miR-1283	HSPA1B	0.8947014	Microglia
hsa-miR-4659b-3p	PLXDC2	0.8943622	Microglia
hsa-miR-548n	ARHGAP29	0.8942873	Microglia
hsa-miR-3680-3p	PALLD	0.89342535	Microglia
hsa-miR-4659b-3p	TNFSF13B	0.8924447	Microglia
hsa-miR-548ae-3p	VGLL3	0.89233047	Microglia
hsa-miR-4659b-3p	RBMS3	0.89220226	Microglia
hsa-miR-548n	WNT5A	0.8921003	Microglia
hsa-miR-548ae-3p	RBM47	0.8920438	Microglia
hsa-miR-548ae-3p	GABRG1	0.8918954	Microglia
hsa-miR-3680-3p	ZFP36L1	0.891416	Microglia
hsa-miR-548ae-3p	SOX6	0.88909644	Microglia
hsa-miR-548ae-3p	PYGO1	0.88909125	Microglia
hsa-miR-4659b-3p	COL4A1	0.88874197	Microglia
hsa-miR-548n	LPP	0.8886788	Microglia
hsa-miR-548aq-3p	RIMKLB	0.8877892	Microglia
hsa-miR-548n	EMCN	0.8875446	Microglia
hsa-miR-3180-5p	ADCY2	0.8874241	Microglia
hsa-miR-548n	SLC4A4	0.8871236	Microglia
hsa-miR-3680-3p	BACH2	0.8869078	Microglia
hsa-miR-3680-3p	BCL11B	0.8866876	Microglia
hsa-miR-3180-5p	TENM4	0.8861548	Microglia
hsa-miR-548ae-3p	ZBTB2	0.884954	Microglia
hsa-miR-548aq-3p	ZBTB2	0.8844348	Microglia
hsa-miR-19b-3p	IGFBP3	0.8838134	Microglia
hsa-miR-3680-3p	RAI14	0.88213474	Microglia
hsa-miR-548ae-3p	CCND1	0.8815281	Microglia
hsa-miR-548aq-3p	FGD6	0.8805422	Microglia
hsa-miR-548au-5p	FNDC3B	0.87952244	Microglia
hsa-miR-17-5p	PBX3	0.87909603	Microglia
hsa-miR-19b-3p	GPCPD1	0.8784814	Microglia
hsa-miR-17-5p	CD69	0.8783944	Microglia
hsa-miR-548ae-3p	PALM2AKAP2	0.8778801	Microglia
hsa-miR-548ae-3p	ARHGAP29	0.87771356	Microglia
hsa-miR-4659b-3p	PRDM1	0.8770307	Microglia
hsa-miR-140-5p	PRDM1	0.87508667	Microglia
hsa-miR-548n	KITLG	0.8749717	Microglia
hsa-miR-548aq-3p	FGFR3	0.8742279	Microglia
hsa-miR-548n	BCOR	0.8731475	Microglia
hsa-miR-548as-5p	TMTC1	0.872998	Microglia
hsa-miR-548ae-3p	FLI1	0.8721949	Microglia
hsa-miR-3680-3p	SLC2A3	0.8717196	Microglia
hsa-miR-3180-5p	PADI2	0.8712588	Microglia
hsa-miR-3163	TFPI	0.87066597	Microglia
hsa-miR-3680-3p	KCNN3	0.86993533	Microglia
hsa-miR-3680-3p	CNTN5	0.86855954	Microglia
hsa-miR-3180-5p	TNFRSF1A	0.8674966	Microglia
hsa-miR-548n	ST8SIA4	0.86637735	Microglia
hsa-miR-3180-5p	SLC1A2	0.8663119	Microglia
hsa-miR-3180-5p	SNX7	0.86608267	Microglia
hsa-miR-4659b-3p	RIMKLB	0.8654819	Microglia
hsa-miR-548n	LRP8	0.86539227	Microglia
hsa-miR-548aq-3p	SCN9A	0.86503524	Microglia
hsa-miR-548ae-3p	MYC	0.8639927	Microglia
hsa-miR-3180-5p	QRSL1	0.86384475	Microglia
hsa-miR-548n	MAF	0.8634734	Microglia
hsa-miR-585-5p	SPARC	0.8631871	Microglia
hsa-miR-548aq-3p	FSTL1	0.8621594	Microglia
hsa-miR-548aq-3p	PYGO1	0.8620616	Microglia
hsa-miR-3163	IRAK3	0.8614598	Microglia
hsa-miR-548ae-3p	IQGAP2	0.8612717	Microglia
hsa-miR-19b-3p	NEUROD1	0.8605679	Microglia
hsa-miR-548aq-3p	CCL3L3	0.86046517	Microglia
hsa-miR-548au-5p	TMTC1	0.86001176	Microglia
hsa-miR-3680-3p	PCSK5	0.8596307	Microglia
hsa-miR-3680-3p	FNDC3B	0.8592553	Microglia
hsa-miR-548as-5p	JARID2	0.85920155	Microglia
hsa-miR-202-3p	PEG10	0.85885775	Microglia
hsa-miR-548n	SGCZ	0.857333	Microglia
hsa-miR-3163	MAMDC2	0.8568093	Microglia
hsa-miR-548n	SULF1	0.85668606	Microglia
hsa-miR-548aq-3p	PTH2R	0.85606724	Microglia
hsa-miR-4659b-3p	DACH1	0.8559846	Microglia
hsa-miR-4659b-3p	ST8SIA4	0.8552932	Microglia
hsa-miR-3180-5p	KLHL13	0.8547912	Microglia
hsa-miR-548aq-3p	VGLL3	0.8534019	Microglia
hsa-miR-548n	UNC5D	0.8530388	Microglia
hsa-miR-548n	SEMA3C	0.8521068	Microglia
hsa-miR-548aq-3p	GNB4	0.8501151	Microglia
hsa-miR-4659b-3p	NR5A2	0.85001713	Microglia
hsa-miR-3680-3p	CTTNBP2NL	0.848807	Microglia
hsa-miR-4659b-3p	MEDAG	0.8471938	Microglia
hsa-miR-3680-3p	ZBTB2	0.8466165	Microglia
hsa-miR-3163	ITGA8	0.8461291	Microglia
hsa-miR-548ae-3p	NAMPT	0.84560937	Microglia
hsa-miR-548ae-3p	PTH2R	0.8453291	Microglia
hsa-miR-4659b-3p	IL1R1	0.8437288	Microglia
hsa-miR-548aq-3p	PALM2AKAP2	0.84316736	Microglia
hsa-miR-4659b-3p	PCDH15	0.8403132	Microglia
hsa-miR-3680-3p	CNN3	0.8401091	Microglia
hsa-miR-3680-3p	CBLB	0.8396071	Microglia
hsa-miR-19b-3p	ARHGAP11A	0.83942336	Microglia
hsa-miR-548aq-3p	SOX2	0.8393313	Microglia
hsa-miR-3180-5p	CD36	0.83889794	Microglia
hsa-miR-202-3p	RCN1	0.83791476	Microglia
hsa-miR-548ae-3p	FGFR3	0.83559644	Microglia
hsa-miR-548n	ROBO1	0.8340403	Microglia
hsa-miR-548ae-3p	BCOR	0.83395696	Microglia
hsa-miR-548n	USP6NL	0.8339044	Microglia
hsa-miR-19b-3p	ATP10A	0.83317703	Microglia
hsa-miR-17-5p	BCL11B	0.8327907	Microglia
hsa-miR-1283	PDZRN3	0.8322046	Microglia
hsa-miR-6872-3p	SH3BGR	0.83178264	Microglia
hsa-miR-19b-3p	PFN2	0.83170885	Microglia
hsa-miR-19b-3p	ZNF516	0.8308421	Microglia
hsa-miR-3163	KIT	0.8303091	Microglia
hsa-miR-3680-3p	USP6NL	0.82948136	Microglia
hsa-miR-548n	MEGF11	0.8289496	Microglia
hsa-miR-4659b-3p	ADAMTS6	0.82881397	Microglia
hsa-miR-3163	MOXD1	0.828749	Microglia
hsa-miR-140-5p	ROR1	0.82864004	Microglia
hsa-miR-17-5p	HAS2	0.8283968	Microglia
hsa-miR-19b-3p	MAP3K1	0.82804334	Microglia
hsa-miR-19b-3p	SOX4	0.827825	Microglia
hsa-miR-17-5p	FAT2	0.82532173	Microglia
hsa-miR-548ae-3p	TRHDE	0.8248445	Microglia
hsa-miR-548aq-3p	CECR2	0.8246616	Microglia
hsa-miR-140-5p	ANO6	0.8240785	Microglia
hsa-miR-3680-3p	PLXNA4	0.8238857	Microglia
hsa-miR-548aq-3p	RBM47	0.8229856	Microglia
hsa-miR-3163	LOX	0.82293713	Microglia
hsa-miR-4659b-3p	CA10	0.82274336	Microglia
hsa-miR-548n	DGKH	0.822628	Microglia
hsa-miR-3680-3p	MAOA	0.8224997	Microglia
hsa-miR-548aq-3p	GAS1	0.82239693	Microglia
hsa-miR-19b-3p	FOXP2	0.8214491	Microglia
hsa-miR-3180-5p	NOX4	0.82135993	Microglia
hsa-miR-1283	OLR1	0.8210781	Microglia
hsa-miR-548ae-3p	PAG1	0.8210589	Microglia
hsa-miR-3163	MEX3A	0.81998026	Microglia
hsa-miR-548au-5p	JARID2	0.81966215	Microglia
hsa-miR-548n	PCDH11X	0.81938374	Microglia
hsa-miR-548ae-3p	CECR2	0.8188469	Microglia
hsa-miR-1283	HES1	0.8177192	Microglia
hsa-miR-202-3p	COL4A2	0.817056	Microglia
hsa-miR-548as-5p	LPP	0.8157864	Microglia
hsa-miR-3680-3p	FGFR3	0.8155289	Microglia
hsa-miR-3680-3p	ATP11C	0.8154793	Microglia
hsa-miR-17-5p	PDGFRA	0.8146958	Microglia
hsa-miR-4659b-3p	EBF1	0.81432974	Microglia
hsa-miR-585-5p	KIAA1217	0.8137628	Microglia
hsa-miR-548aq-3p	MYC	0.8135272	Microglia
hsa-miR-548n	GATA2	0.81313705	Microglia
hsa-miR-3680-3p	SOX6	0.96989286	Monocyte
hsa-miR-3680-3p	RBMS3	0.9557634	Monocyte
hsa-miR-548aq-3p	COL1A1	0.9530902	Monocyte
hsa-miR-3180-5p	PCSK6	0.9526976	Monocyte
hsa-miR-200b-3p	LOX	0.9492443	Monocyte
hsa-miR-4775	RBMS3	0.94694126	Monocyte
hsa-miR-548aq-3p	IGFBP3	0.94551414	Monocyte
hsa-miR-4659b-3p	IGDCC4	0.94297296	Monocyte
hsa-miR-3180-5p	MAMDC2	0.94293517	Monocyte
hsa-miR-3180-5p	ZFHX4	0.94166267	Monocyte
hsa-miR-548aq-3p	COL4A1	0.94137263	Monocyte
hsa-miR-548aq-3p	THSD7B	0.9384773	Monocyte
hsa-miR-3180-5p	BACE2	0.93673927	Monocyte
hsa-miR-3180-5p	BACH2	0.9360071	Monocyte
hsa-miR-3180-5p	OLR1	0.9338541	Monocyte
hsa-miR-4775	SLC16A1	0.9328134	Monocyte
hsa-miR-4775	PCDH17	0.93252015	Monocyte
hsa-miR-494-3p	PELI1	0.9321944	Monocyte
hsa-miR-200b-3p	PAG1	0.9317528	Monocyte
hsa-miR-200b-3p	ATP11C	0.9316501	Monocyte
hsa-miR-200b-3p	MAP3K1	0.92840636	Monocyte
hsa-miR-551b-5p	VGLL3	0.9267656	Monocyte
hsa-miR-200b-3p	FNDC3B	0.925889	Monocyte
hsa-miR-3680-3p	PAG1	0.9252602	Monocyte
hsa-miR-4775	PHACTR2	0.92442757	Monocyte
hsa-miR-3680-3p	SEMA6A	0.92245954	Monocyte
hsa-miR-4775	PRKG2	0.92165774	Monocyte
hsa-miR-4659b-3p	CYTL1	0.9184005	Monocyte
hsa-miR-551b-5p	TMEM47	0.9166609	Monocyte
hsa-miR-4775	KITLG	0.9165158	Monocyte
hsa-miR-4769-3p	RASSF3	0.9162576	Monocyte
hsa-miR-4775	TLL1	0.91550446	Monocyte
hsa-miR-4775	ITGA6	0.9149246	Monocyte
hsa-miR-548aq-3p	ROR1	0.9148481	Monocyte
hsa-miR-4775	CRISPLD1	0.9101821	Monocyte
hsa-miR-3180-5p	PFN2	0.9088612	Monocyte
hsa-miR-200b-3p	KDR	0.9081903	Monocyte
hsa-miR-3180-5p	NEDD9	0.90816194	Monocyte
hsa-miR-551b-5p	TC2N	0.90790284	Monocyte
hsa-miR-140-5p	TGFBR1	0.9078973	Monocyte
hsa-miR-548aq-3p	TFPI2	0.905659	Monocyte
hsa-miR-4775	BRIP1	0.9055598	Monocyte
hsa-miR-200b-3p	CECR2	0.90533453	Monocyte
hsa-miR-200b-3p	PRDM1	0.9041687	Monocyte
hsa-miR-4775	PALM2AKAP2	0.90399635	Monocyte
hsa-miR-4775	XYLT1	0.90296733	Monocyte
hsa-miR-4775	SEMA3E	0.9029129	Monocyte
hsa-miR-548aq-3p	TGFBR1	0.9012501	Monocyte
hsa-miR-3180-5p	ABTB2	0.90095323	Monocyte
hsa-miR-4775	PAG1	0.90091926	Monocyte
hsa-miR-200b-3p	DGKH	0.90076524	Monocyte
hsa-miR-146a-3p	MASP1	0.90041083	Monocyte
hsa-miR-4659b-3p	NEUROD1	0.9003486	Monocyte
hsa-miR-548aq-3p	SCG2	0.8998735	Monocyte
hsa-miR-200b-3p	NR5A2	0.8979632	Monocyte
hsa-miR-203a-3p	B3GNT5	0.8978132	Monocyte
hsa-miR-551b-5p	LPP	0.8974878	Monocyte
hsa-miR-133a-3p	EMP2	0.8968021	Monocyte
hsa-miR-200b-3p	IGF2R	0.8965003	Monocyte
hsa-miR-3180-5p	NXPH1	0.896033	Monocyte
hsa-miR-4775	EPHA7	0.89563924	Monocyte
hsa-miR-3680-3p	MAP3K1	0.8954509	Monocyte
hsa-miR-4775	CTTNBP2NL	0.8946773	Monocyte
hsa-miR-4659b-3p	PLXDC2	0.8943622	Monocyte
hsa-miR-494-3p	TBC1D4	0.89411074	Monocyte
hsa-miR-4775	SEMA5A	0.8939044	Monocyte
hsa-miR-3680-3p	PALLD	0.89342535	Monocyte
hsa-miR-4659b-3p	TNFSF13B	0.8924447	Monocyte
hsa-miR-4775	SRGAP2	0.89239997	Monocyte
hsa-miR-4659b-3p	RBMS3	0.89220226	Monocyte
hsa-miR-3680-3p	ZFP36L1	0.891416	Monocyte
hsa-miR-4775	CBLB	0.88959664	Monocyte
hsa-miR-551b-5p	FNDC3B	0.889372	Monocyte
hsa-miR-551b-5p	CECR2	0.88935584	Monocyte
hsa-miR-4659b-3p	COL4A1	0.88874197	Monocyte
hsa-miR-4775	ITGA8	0.8880952	Monocyte
hsa-miR-548aq-3p	RIMKLB	0.8877892	Monocyte
hsa-miR-3180-5p	ADCY2	0.8874241	Monocyte
hsa-miR-3680-3p	BACH2	0.8869078	Monocyte
hsa-miR-3680-3p	BCL11B	0.8866876	Monocyte
hsa-miR-3180-5p	TENM4	0.8861548	Monocyte
hsa-miR-4775	SCIN	0.88578296	Monocyte
hsa-miR-200b-3p	GJC1	0.88507926	Monocyte
hsa-miR-548aq-3p	ZBTB2	0.8844348	Monocyte
hsa-miR-494-3p	PLOD2	0.88262767	Monocyte
hsa-miR-551b-5p	CASZ1	0.8824006	Monocyte
hsa-miR-3680-3p	RAI14	0.88213474	Monocyte
hsa-miR-4775	PLXDC2	0.8815994	Monocyte
hsa-miR-548aq-3p	FGD6	0.8805422	Monocyte
hsa-miR-4775	CRIM1	0.87938535	Monocyte
hsa-miR-17-5p	PBX3	0.87909603	Monocyte
hsa-miR-551b-5p	SLC7A11	0.8790159	Monocyte
hsa-miR-200b-3p	RASSF8	0.87894547	Monocyte
hsa-miR-4775	ST8SIA4	0.8787827	Monocyte
hsa-miR-4775	THEMIS	0.87849414	Monocyte
hsa-miR-17-5p	CD69	0.8783944	Monocyte
hsa-miR-551b-5p	COL1A2	0.8780363	Monocyte
hsa-miR-4775	SEL1L3	0.8780004	Monocyte
hsa-miR-4659b-3p	PRDM1	0.8770307	Monocyte
hsa-miR-4775	MAN1A1	0.8764847	Monocyte
hsa-miR-551b-5p	GABRG1	0.8758327	Monocyte
hsa-miR-4775	HS3ST5	0.87548417	Monocyte
hsa-miR-140-5p	PRDM1	0.87508667	Monocyte
hsa-miR-200b-3p	CHSY1	0.87447304	Monocyte
hsa-miR-548aq-3p	FGFR3	0.8742279	Monocyte
hsa-miR-4775	USP6NL	0.8738133	Monocyte
hsa-miR-4775	GPC6	0.8737355	Monocyte
hsa-miR-494-3p	ALK	0.8721189	Monocyte
hsa-miR-3680-3p	SLC2A3	0.8717196	Monocyte
hsa-miR-200b-3p	TRHDE	0.8712963	Monocyte
hsa-miR-551b-5p	MAB21L1	0.8712656	Monocyte
hsa-miR-3180-5p	PADI2	0.8712588	Monocyte
hsa-miR-4775	USP53	0.87099683	Monocyte
hsa-miR-551b-5p	IQGAP2	0.8705512	Monocyte
hsa-miR-551b-5p	SAMD4A	0.8704178	Monocyte
hsa-miR-3680-3p	KCNN3	0.86993533	Monocyte
hsa-miR-551b-5p	RND3	0.8698206	Monocyte
hsa-miR-4775	SEMA3C	0.86956525	Monocyte
hsa-miR-494-3p	TSHZ2	0.86920273	Monocyte
hsa-miR-3680-3p	CNTN5	0.86855954	Monocyte
hsa-miR-494-3p	FSTL5	0.8684269	Monocyte
hsa-miR-3180-5p	TNFRSF1A	0.8674966	Monocyte
hsa-miR-200b-3p	DACH1	0.8674243	Monocyte
hsa-miR-4775	MXRA5	0.8670833	Monocyte
hsa-miR-203a-3p	RBM47	0.8669479	Monocyte
hsa-miR-3180-5p	SLC1A2	0.8663119	Monocyte
hsa-miR-3180-5p	SNX7	0.86608267	Monocyte
hsa-miR-4775	QRSL1	0.8659833	Monocyte
hsa-miR-4659b-3p	RIMKLB	0.8654819	Monocyte
hsa-miR-200b-3p	FSTL1	0.8653986	Monocyte
hsa-miR-4775	SLIT2	0.86512333	Monocyte
hsa-miR-548aq-3p	SCN9A	0.86503524	Monocyte
hsa-miR-494-3p	NAMPT	0.86436474	Monocyte
hsa-miR-3180-5p	QRSL1	0.86384475	Monocyte
hsa-miR-585-5p	SPARC	0.8631871	Monocyte
hsa-miR-548aq-3p	FSTL1	0.8621594	Monocyte
hsa-miR-548aq-3p	PYGO1	0.8620616	Monocyte
hsa-miR-146a-3p	VAV3	0.8620221	Monocyte
hsa-miR-4775	VGLL3	0.860912	Monocyte
hsa-miR-548aq-3p	CCL3L3	0.86046517	Monocyte
hsa-miR-200b-3p	RIPK2	0.8604141	Monocyte
hsa-miR-3680-3p	PCSK5	0.8596307	Monocyte
hsa-miR-551b-5p	S1PR1	0.8594334	Monocyte
hsa-miR-3680-3p	FNDC3B	0.8592553	Monocyte
hsa-miR-202-3p	PEG10	0.85885775	Monocyte
hsa-miR-200b-3p	CRH	0.85812324	Monocyte
hsa-miR-4775	IRAK3	0.85652333	Monocyte
hsa-miR-494-3p	ZFHX4	0.8564543	Monocyte
hsa-miR-2113	IGFBP3	0.8564422	Monocyte
hsa-miR-548aq-3p	PTH2R	0.85606724	Monocyte
hsa-miR-4659b-3p	DACH1	0.8559846	Monocyte
hsa-miR-4659b-3p	ST8SIA4	0.8552932	Monocyte
hsa-miR-200b-3p	HS3ST3A1	0.8549847	Monocyte
hsa-miR-3180-5p	KLHL13	0.8547912	Monocyte
hsa-miR-494-3p	TOR1AIP1	0.85371363	Monocyte
hsa-miR-548aq-3p	VGLL3	0.8534019	Monocyte
hsa-miR-4775	LPP	0.85246426	Monocyte
hsa-miR-4775	PREX2	0.85058415	Monocyte
hsa-miR-4775	ANTXR2	0.850193	Monocyte
hsa-miR-548aq-3p	GNB4	0.8501151	Monocyte
hsa-miR-4659b-3p	NR5A2	0.85001713	Monocyte
hsa-miR-4775	EYS	0.8493582	Monocyte
hsa-miR-3680-3p	CTTNBP2NL	0.848807	Monocyte
hsa-miR-4659b-3p	MEDAG	0.8471938	Monocyte
hsa-miR-4775	EGR1	0.8470013	Monocyte
hsa-miR-3680-3p	ZBTB2	0.8466165	Monocyte
hsa-miR-4775	SLC2A10	0.84582865	Monocyte
hsa-miR-200b-3p	BCL11B	0.8453302	Monocyte
hsa-miR-551b-5p	ANGPT1	0.8452873	Monocyte
hsa-miR-200b-3p	SULF1	0.84508765	Monocyte
hsa-miR-4775	NAMPT	0.84501064	Monocyte
hsa-miR-4659b-3p	IL1R1	0.8437288	Monocyte
hsa-miR-4775	GJC1	0.8434701	Monocyte
hsa-miR-4775	MBL2	0.8432359	Monocyte
hsa-miR-548aq-3p	PALM2AKAP2	0.84316736	Monocyte
hsa-miR-203a-3p	MAP3K1	0.8414257	Monocyte
hsa-miR-4659b-3p	PCDH15	0.8403132	Monocyte
hsa-miR-3680-3p	CNN3	0.8401091	Monocyte
hsa-miR-3680-3p	CBLB	0.8396071	Monocyte
hsa-miR-548aq-3p	SOX2	0.8393313	Monocyte
hsa-miR-3180-5p	CD36	0.83889794	Monocyte
hsa-miR-203a-3p	SHISA6	0.83877635	Monocyte
hsa-miR-202-3p	RCN1	0.83791476	Monocyte
hsa-miR-200b-3p	FLI1	0.8367596	Monocyte
hsa-miR-2113	ABCC9	0.8365771	Monocyte
hsa-miR-551b-5p	SLA2	0.835981	Monocyte
hsa-miR-17-5p	BCL11B	0.8327907	Monocyte
hsa-miR-4775	PCSK5	0.8309946	Monocyte
hsa-miR-494-3p	PCP4	0.82955265	Monocyte
hsa-miR-3680-3p	USP6NL	0.82948136	Monocyte
hsa-miR-4659b-3p	ADAMTS6	0.82881397	Monocyte
hsa-miR-140-5p	ROR1	0.82864004	Monocyte
hsa-miR-17-5p	HAS2	0.8283968	Monocyte
hsa-miR-4775	P2RY12	0.8276542	Monocyte
hsa-miR-200b-3p	ANKRD44	0.82764643	Monocyte
hsa-miR-494-3p	TFPI	0.8263574	Monocyte
hsa-miR-551b-5p	MAP3K7CL	0.82551163	Monocyte
hsa-miR-17-5p	FAT2	0.82532173	Monocyte
hsa-miR-551b-5p	GABPB1	0.82528895	Monocyte
hsa-miR-548aq-3p	CECR2	0.8246616	Monocyte
hsa-miR-3180-5p	PCSK6	0.9526976	NK_cell
hsa-miR-4659b-3p	IGDCC4	0.94297296	NK_cell
hsa-miR-3180-5p	MAMDC2	0.94293517	NK_cell
hsa-miR-3180-5p	ZFHX4	0.94166267	NK_cell
hsa-miR-3180-5p	BACE2	0.93673927	NK_cell
hsa-miR-3180-5p	BACH2	0.9360071	NK_cell
hsa-miR-3180-5p	OLR1	0.9338541	NK_cell
hsa-miR-551b-5p	VGLL3	0.9267656	NK_cell
hsa-miR-4659b-3p	CYTL1	0.9184005	NK_cell
hsa-miR-551b-5p	TMEM47	0.9166609	NK_cell
hsa-miR-4769-3p	RASSF3	0.9162576	NK_cell
hsa-miR-3180-5p	PFN2	0.9088612	NK_cell
hsa-miR-3180-5p	NEDD9	0.90816194	NK_cell
hsa-miR-551b-5p	TC2N	0.90790284	NK_cell
hsa-miR-140-5p	TGFBR1	0.9078973	NK_cell
hsa-miR-6830-5p	ATP1B2	0.902106	NK_cell
hsa-miR-3180-5p	ABTB2	0.90095323	NK_cell
hsa-miR-4659b-3p	NEUROD1	0.9003486	NK_cell
hsa-miR-19b-3p	ROR1	0.9002024	NK_cell
hsa-miR-19b-3p	SOX6	0.8988278	NK_cell
hsa-miR-203a-3p	B3GNT5	0.8978132	NK_cell
hsa-miR-551b-5p	LPP	0.8974878	NK_cell
hsa-miR-3180-5p	NXPH1	0.896033	NK_cell
hsa-miR-1283	HSPA1B	0.8947014	NK_cell
hsa-miR-4659b-3p	PLXDC2	0.8943622	NK_cell
hsa-miR-4659b-3p	TNFSF13B	0.8924447	NK_cell
hsa-miR-4659b-3p	RBMS3	0.89220226	NK_cell
hsa-miR-551b-5p	FNDC3B	0.889372	NK_cell
hsa-miR-551b-5p	CECR2	0.88935584	NK_cell
hsa-miR-4659b-3p	COL4A1	0.88874197	NK_cell
hsa-miR-3180-5p	ADCY2	0.8874241	NK_cell
hsa-miR-25-3p	ITGA6	0.886938	NK_cell
hsa-miR-3180-5p	TENM4	0.8861548	NK_cell
hsa-miR-19b-3p	IGFBP3	0.8838134	NK_cell
hsa-miR-551b-5p	CASZ1	0.8824006	NK_cell
hsa-miR-551b-5p	SLC7A11	0.8790159	NK_cell
hsa-miR-19b-3p	GPCPD1	0.8784814	NK_cell
hsa-miR-551b-5p	COL1A2	0.8780363	NK_cell
hsa-miR-4659b-3p	PRDM1	0.8770307	NK_cell
hsa-miR-551b-5p	GABRG1	0.8758327	NK_cell
hsa-miR-140-5p	PRDM1	0.87508667	NK_cell
hsa-miR-551b-5p	MAB21L1	0.8712656	NK_cell
hsa-miR-3180-5p	PADI2	0.8712588	NK_cell
hsa-miR-551b-5p	IQGAP2	0.8705512	NK_cell
hsa-miR-551b-5p	SAMD4A	0.8704178	NK_cell
hsa-miR-551b-5p	RND3	0.8698206	NK_cell
hsa-miR-3180-5p	TNFRSF1A	0.8674966	NK_cell
hsa-miR-203a-3p	RBM47	0.8669479	NK_cell
hsa-miR-3180-5p	SLC1A2	0.8663119	NK_cell
hsa-miR-3180-5p	SNX7	0.86608267	NK_cell
hsa-miR-4659b-3p	RIMKLB	0.8654819	NK_cell
hsa-miR-3180-5p	QRSL1	0.86384475	NK_cell
hsa-miR-6837-5p	IL1RN	0.8607922	NK_cell
hsa-miR-19b-3p	NEUROD1	0.8605679	NK_cell
hsa-miR-551b-5p	S1PR1	0.8594334	NK_cell
hsa-miR-4659b-3p	DACH1	0.8559846	NK_cell
hsa-miR-4659b-3p	ST8SIA4	0.8552932	NK_cell
hsa-miR-3180-5p	KLHL13	0.8547912	NK_cell
hsa-miR-4659b-3p	NR5A2	0.85001713	NK_cell
hsa-miR-25-3p	COL27A1	0.84721696	NK_cell
hsa-miR-4659b-3p	MEDAG	0.8471938	NK_cell
hsa-miR-551b-5p	ANGPT1	0.8452873	NK_cell
hsa-miR-4659b-3p	IL1R1	0.8437288	NK_cell
hsa-miR-25-3p	FZD10	0.8415198	NK_cell
hsa-miR-203a-3p	MAP3K1	0.8414257	NK_cell
hsa-miR-4659b-3p	PCDH15	0.8403132	NK_cell
hsa-miR-19b-3p	ARHGAP11A	0.83942336	NK_cell
hsa-miR-3180-5p	CD36	0.83889794	NK_cell
hsa-miR-203a-3p	SHISA6	0.83877635	NK_cell
hsa-miR-551b-5p	SLA2	0.835981	NK_cell
hsa-miR-19b-3p	ATP10A	0.83317703	NK_cell
hsa-miR-1283	PDZRN3	0.8322046	NK_cell
hsa-miR-6872-3p	SH3BGR	0.83178264	NK_cell
hsa-miR-19b-3p	PFN2	0.83170885	NK_cell
hsa-miR-19b-3p	ZNF516	0.8308421	NK_cell
hsa-miR-6837-5p	SBK1	0.8289529	NK_cell
hsa-miR-4659b-3p	ADAMTS6	0.82881397	NK_cell
hsa-miR-140-5p	ROR1	0.82864004	NK_cell
hsa-miR-19b-3p	MAP3K1	0.82804334	NK_cell
hsa-miR-19b-3p	SOX4	0.827825	NK_cell
hsa-miR-551b-5p	MAP3K7CL	0.82551163	NK_cell
hsa-miR-551b-5p	GABPB1	0.82528895	NK_cell
hsa-miR-140-5p	ANO6	0.8240785	NK_cell
hsa-miR-4659b-3p	CA10	0.82274336	NK_cell
hsa-miR-19b-3p	FOXP2	0.8214491	NK_cell
hsa-miR-3180-5p	NOX4	0.82135993	NK_cell
hsa-miR-1283	OLR1	0.8210781	NK_cell
hsa-miR-203a-3p	MID1	0.8210096	NK_cell
hsa-miR-6830-5p	PALM2AKAP2	0.82046115	NK_cell
hsa-miR-1283	HES1	0.8177192	NK_cell
hsa-miR-551b-5p	ARF6	0.81725407	NK_cell
hsa-miR-551b-5p	IGF2BP3	0.8167741	NK_cell
hsa-miR-4659b-3p	EBF1	0.81432974	NK_cell
hsa-miR-19b-3p	RBMS3	0.8127136	NK_cell
hsa-miR-4659b-3p	EYS	0.8123636	NK_cell
hsa-miR-3180-5p	CD86	0.8118165	NK_cell
hsa-miR-19b-3p	LIN9	0.8093933	NK_cell
hsa-miR-19b-3p	MID1	0.8079348	NK_cell
hsa-miR-4659b-3p	CALCRL	0.80621296	NK_cell
hsa-miR-1283	THSD7B	0.8022075	NK_cell
hsa-miR-4659b-3p	RSPO3	0.8015464	NK_cell
hsa-miR-140-5p	IGFBP5	0.79729676	NK_cell
hsa-miR-25-3p	ITGA8	0.7968925	NK_cell
hsa-miR-5580-3p	PFN2	0.79659826	NK_cell
hsa-miR-3180-5p	HTR2C	0.7958537	NK_cell
hsa-miR-4659b-3p	PMCH	0.7958472	NK_cell
hsa-miR-4659b-3p	PLXNA4	0.79579675	NK_cell
hsa-miR-18b-5p	XYLT1	0.79419106	NK_cell
hsa-miR-4659b-3p	CDC14A	0.79328215	NK_cell
hsa-miR-1283	PTPRZ1	0.79319745	NK_cell
hsa-miR-4659b-3p	ID4	0.79263115	NK_cell
hsa-miR-1283	SOD2	0.7925078	NK_cell
hsa-miR-19b-3p	TIA1	0.79119766	NK_cell
hsa-miR-1283	MAP3K1	0.79113	NK_cell
hsa-miR-4659b-3p	SLC4A4	0.7909142	NK_cell
hsa-miR-4659b-3p	CRIM1	0.7897921	NK_cell
hsa-miR-203a-3p	TC2N	0.7897267	NK_cell
hsa-miR-5580-3p	PHACTR2	0.78508496	NK_cell
hsa-miR-548aw	IGFBP3	0.7818819	NK_cell
hsa-miR-3180-5p	TENM3	0.7809908	NK_cell
hsa-miR-25-3p	RBM47	0.7808311	NK_cell
hsa-miR-25-3p	IQGAP2	0.7793119	NK_cell
hsa-miR-4659b-3p	SAMD4A	0.7783584	NK_cell
hsa-miR-4769-3p	SEMA6A	0.7775031	NK_cell
hsa-miR-203a-3p	NFIL3	0.7774496	NK_cell
hsa-miR-4659b-3p	COL4A4	0.7771766	NK_cell
hsa-miR-551b-5p	RASSF8	0.77704805	NK_cell
hsa-miR-551b-5p	ZFHX4	0.7766585	NK_cell
hsa-miR-4659b-3p	DIO2	0.77627814	NK_cell
hsa-miR-6837-5p	CHAC1	0.77612036	NK_cell
hsa-miR-4753-3p	PALM2AKAP2	0.7751248	NK_cell
hsa-miR-19b-3p	C11orf96	0.7734096	NK_cell
hsa-miR-5580-3p	PID1	0.7695361	NK_cell
hsa-miR-25-3p	KLF2	0.7691791	NK_cell
hsa-miR-19b-3p	LRIG1	0.76705015	NK_cell
hsa-miR-25-3p	COL1A2	0.76603824	NK_cell
hsa-miR-551b-5p	NOX4	0.7658739	NK_cell
hsa-miR-4659b-3p	ABCA1	0.76587003	NK_cell
hsa-miR-25-3p	ARHGAP24	0.7656358	NK_cell
hsa-miR-551b-5p	SOX11	0.7652815	NK_cell
hsa-miR-19b-3p	ITGA6	0.7651292	NK_cell
hsa-miR-25-3p	PLXDC2	0.7606875	NK_cell
hsa-miR-25-3p	GATA2	0.7598856	NK_cell
hsa-miR-6830-5p	KLF6	0.7592006	NK_cell
hsa-miR-4659b-3p	MAF	0.75855935	NK_cell
hsa-miR-1283	ST8SIA1	0.7556702	NK_cell
hsa-miR-25-3p	ZFHX4	0.7556331	NK_cell
hsa-miR-1283	NAMPT	0.75313807	NK_cell
hsa-miR-25-3p	ZNF521	0.7520311	NK_cell
hsa-miR-548aw	VIT	0.75120574	NK_cell
hsa-miR-551b-5p	PABPC3	0.75043035	NK_cell
hsa-miR-1283	SORCS1	0.74993813	NK_cell
hsa-miR-19b-3p	FLNC	0.749413	NK_cell
hsa-miR-548aw	XYLT1	0.7484517	NK_cell
hsa-miR-551b-5p	PCDH11Y	0.7484391	NK_cell
hsa-miR-4659b-3p	COL8A1	0.747526	NK_cell
hsa-miR-19b-3p	TNFAIP3	0.7472463	NK_cell
hsa-miR-4753-3p	CHRDL1	0.74703205	NK_cell
hsa-miR-203a-3p	SLC16A12	0.74692786	NK_cell
hsa-miR-6830-5p	NID1	0.74629825	NK_cell
hsa-miR-551b-5p	KCND2	0.74546266	NK_cell
hsa-miR-6830-5p	KCTD12	0.74293745	NK_cell
hsa-miR-19b-3p	PTPRD	0.7408716	NK_cell
hsa-miR-1283	TCF7L1	0.7407237	NK_cell
hsa-miR-1283	PTN	0.73939776	NK_cell
hsa-miR-4659b-3p	HIF1A	0.7382291	NK_cell
hsa-miR-551b-5p	EPS8	0.7368459	NK_cell
hsa-miR-6872-3p	COL25A1	0.73627925	NK_cell
hsa-miR-203a-3p	SEMA5A	0.7358472	NK_cell
hsa-miR-4769-3p	RCN1	0.73571295	NK_cell
hsa-miR-5580-3p	CFAP47	0.73444706	NK_cell
hsa-miR-5580-3p	LPP	0.73422724	NK_cell
hsa-miR-25-3p	LHFPL2	0.7336951	NK_cell
hsa-miR-4659b-3p	PRRX1	0.73222214	NK_cell
hsa-miR-4659b-3p	SLC5A7	0.7317635	NK_cell
hsa-miR-551b-5p	COL19A1	0.73016584	NK_cell
hsa-miR-25-3p	PTGER4	0.72960055	NK_cell
hsa-miR-6830-5p	BACE2	0.72740567	NK_cell
hsa-miR-140-5p	BACH1	0.72710687	NK_cell
hsa-miR-4659b-3p	GATA3	0.726355	NK_cell
hsa-miR-203a-3p	ROBO2	0.7259763	NK_cell
hsa-miR-1283	SCN9A	0.72497576	NK_cell
hsa-miR-4753-3p	PLXNA2	0.72467047	NK_cell
hsa-miR-4659b-3p	PCDH17	0.7217003	NK_cell
hsa-miR-19b-3p	SAMD4A	0.72030413	NK_cell
hsa-miR-4659b-3p	RREB1	0.7196231	NK_cell
hsa-miR-19b-3p	IFI44L	0.71917576	NK_cell
hsa-miR-4753-3p	MS4A2	0.71813846	NK_cell
hsa-miR-4753-3p	IQGAP2	0.7163883	NK_cell
hsa-miR-140-5p	KLF6	0.71375036	NK_cell
hsa-miR-4659b-3p	RASGEF1B	0.7127135	NK_cell
hsa-miR-203a-3p	ETS2	0.71233755	NK_cell
hsa-miR-551b-5p	PLAC8	0.7121961	NK_cell
hsa-miR-5580-3p	SCN9A	0.71148735	NK_cell
hsa-miR-551b-5p	MEIS2	0.71106076	NK_cell
hsa-miR-551b-5p	MAN1A1	0.71102256	NK_cell
hsa-miR-5580-3p	FNDC3B	0.70979065	NK_cell
hsa-miR-18b-5p	MAP3K1	0.7094763	NK_cell
hsa-miR-140-5p	PRLR	0.70912015	NK_cell
hsa-miR-25-3p	NPNT	0.707567	NK_cell
hsa-miR-548ae-3p	COL4A1	0.98065877	Oligodendrocyte
hsa-miR-548ae-3p	IGFBP3	0.97981775	Oligodendrocyte
hsa-miR-548ae-3p	TGFBR1	0.9605114	Oligodendrocyte
hsa-miR-548aq-3p	COL1A1	0.9530902	Oligodendrocyte
hsa-miR-3180-5p	PCSK6	0.9526976	Oligodendrocyte
hsa-miR-548ae-3p	GJA3	0.9484482	Oligodendrocyte
hsa-miR-548aq-3p	IGFBP3	0.94551414	Oligodendrocyte
hsa-miR-4659b-3p	IGDCC4	0.94297296	Oligodendrocyte
hsa-miR-3180-5p	MAMDC2	0.94293517	Oligodendrocyte
hsa-miR-3180-5p	ZFHX4	0.94166267	Oligodendrocyte
hsa-miR-548aq-3p	COL4A1	0.94137263	Oligodendrocyte
hsa-miR-548ae-3p	CCL3L3	0.9389637	Oligodendrocyte
hsa-miR-548ae-3p	THSD7B	0.9388279	Oligodendrocyte
hsa-miR-548aq-3p	THSD7B	0.9384773	Oligodendrocyte
hsa-miR-3180-5p	BACE2	0.93673927	Oligodendrocyte
hsa-miR-3180-5p	BACH2	0.9360071	Oligodendrocyte
hsa-miR-3180-5p	OLR1	0.9338541	Oligodendrocyte
hsa-miR-548ae-3p	SCG2	0.92932296	Oligodendrocyte
hsa-miR-548ae-3p	ROR1	0.9253968	Oligodendrocyte
hsa-miR-548ae-3p	NOTCH2	0.9217731	Oligodendrocyte
hsa-miR-4659b-3p	CYTL1	0.9184005	Oligodendrocyte
hsa-miR-4769-3p	RASSF3	0.9162576	Oligodendrocyte
hsa-miR-548aq-3p	ROR1	0.9148481	Oligodendrocyte
hsa-miR-548as-5p	GPC6	0.91267604	Oligodendrocyte
hsa-miR-548ae-3p	SCN9A	0.91133803	Oligodendrocyte
hsa-miR-548ae-3p	FGD6	0.91115135	Oligodendrocyte
hsa-miR-3180-5p	PFN2	0.9088612	Oligodendrocyte
hsa-miR-3180-5p	NEDD9	0.90816194	Oligodendrocyte
hsa-miR-140-5p	TGFBR1	0.9078973	Oligodendrocyte
hsa-miR-548aq-3p	TFPI2	0.905659	Oligodendrocyte
hsa-miR-548ae-3p	TFPI2	0.90532154	Oligodendrocyte
hsa-miR-548ae-3p	GNB4	0.9013184	Oligodendrocyte
hsa-miR-548aq-3p	TGFBR1	0.9012501	Oligodendrocyte
hsa-miR-3180-5p	ABTB2	0.90095323	Oligodendrocyte
hsa-miR-146a-3p	MASP1	0.90041083	Oligodendrocyte
hsa-miR-4659b-3p	NEUROD1	0.9003486	Oligodendrocyte
hsa-miR-548aq-3p	SCG2	0.8998735	Oligodendrocyte
hsa-miR-548ae-3p	RIMKLB	0.8998221	Oligodendrocyte
hsa-miR-548ae-3p	KCTD12	0.8991678	Oligodendrocyte
hsa-miR-548ae-3p	FSTL1	0.898837	Oligodendrocyte
hsa-miR-548ae-3p	TCF7L2	0.8985874	Oligodendrocyte
hsa-miR-3180-5p	NXPH1	0.896033	Oligodendrocyte
hsa-miR-548ae-3p	COL1A1	0.89485794	Oligodendrocyte
hsa-miR-1283	HSPA1B	0.8947014	Oligodendrocyte
hsa-miR-4659b-3p	PLXDC2	0.8943622	Oligodendrocyte
hsa-miR-4659b-3p	TNFSF13B	0.8924447	Oligodendrocyte
hsa-miR-548ae-3p	VGLL3	0.89233047	Oligodendrocyte
hsa-miR-4659b-3p	RBMS3	0.89220226	Oligodendrocyte
hsa-miR-548ae-3p	RBM47	0.8920438	Oligodendrocyte
hsa-miR-548ae-3p	GABRG1	0.8918954	Oligodendrocyte
hsa-miR-548ae-3p	SOX6	0.88909644	Oligodendrocyte
hsa-miR-548ae-3p	PYGO1	0.88909125	Oligodendrocyte
hsa-miR-4659b-3p	COL4A1	0.88874197	Oligodendrocyte
hsa-miR-548aq-3p	RIMKLB	0.8877892	Oligodendrocyte
hsa-miR-3180-5p	ADCY2	0.8874241	Oligodendrocyte
hsa-miR-3180-5p	TENM4	0.8861548	Oligodendrocyte
hsa-miR-548ae-3p	ZBTB2	0.884954	Oligodendrocyte
hsa-miR-548aq-3p	ZBTB2	0.8844348	Oligodendrocyte
hsa-miR-548ae-3p	CCND1	0.8815281	Oligodendrocyte
hsa-miR-548aq-3p	FGD6	0.8805422	Oligodendrocyte
hsa-miR-548au-5p	FNDC3B	0.87952244	Oligodendrocyte
hsa-miR-17-5p	PBX3	0.87909603	Oligodendrocyte
hsa-miR-17-5p	CD69	0.8783944	Oligodendrocyte
hsa-miR-548ae-3p	PALM2AKAP2	0.8778801	Oligodendrocyte
hsa-miR-548ae-3p	ARHGAP29	0.87771356	Oligodendrocyte
hsa-miR-4659b-3p	PRDM1	0.8770307	Oligodendrocyte
hsa-miR-140-5p	PRDM1	0.87508667	Oligodendrocyte
hsa-miR-548aq-3p	FGFR3	0.8742279	Oligodendrocyte
hsa-miR-548as-5p	TMTC1	0.872998	Oligodendrocyte
hsa-miR-548ae-3p	FLI1	0.8721949	Oligodendrocyte
hsa-miR-3180-5p	PADI2	0.8712588	Oligodendrocyte
hsa-miR-3180-5p	TNFRSF1A	0.8674966	Oligodendrocyte
hsa-miR-3180-5p	SLC1A2	0.8663119	Oligodendrocyte
hsa-miR-3180-5p	SNX7	0.86608267	Oligodendrocyte
hsa-miR-4659b-3p	RIMKLB	0.8654819	Oligodendrocyte
hsa-miR-548aq-3p	SCN9A	0.86503524	Oligodendrocyte
hsa-miR-548ae-3p	MYC	0.8639927	Oligodendrocyte
hsa-miR-3180-5p	QRSL1	0.86384475	Oligodendrocyte
hsa-miR-585-5p	SPARC	0.8631871	Oligodendrocyte
hsa-miR-548aq-3p	FSTL1	0.8621594	Oligodendrocyte
hsa-miR-548aq-3p	PYGO1	0.8620616	Oligodendrocyte
hsa-miR-146a-3p	VAV3	0.8620221	Oligodendrocyte
hsa-miR-548ae-3p	IQGAP2	0.8612717	Oligodendrocyte
hsa-miR-6837-5p	IL1RN	0.8607922	Oligodendrocyte
hsa-miR-548aq-3p	CCL3L3	0.86046517	Oligodendrocyte
hsa-miR-548au-5p	TMTC1	0.86001176	Oligodendrocyte
hsa-miR-3123	COL4A6	0.8592876	Oligodendrocyte
hsa-miR-548as-5p	JARID2	0.85920155	Oligodendrocyte
hsa-miR-548aq-3p	PTH2R	0.85606724	Oligodendrocyte
hsa-miR-4659b-3p	DACH1	0.8559846	Oligodendrocyte
hsa-miR-4659b-3p	ST8SIA4	0.8552932	Oligodendrocyte
hsa-miR-3180-5p	KLHL13	0.8547912	Oligodendrocyte
hsa-miR-548aq-3p	VGLL3	0.8534019	Oligodendrocyte
hsa-miR-3123	PALM2AKAP2	0.852477	Oligodendrocyte
hsa-miR-548aq-3p	GNB4	0.8501151	Oligodendrocyte
hsa-miR-4659b-3p	NR5A2	0.85001713	Oligodendrocyte
hsa-miR-4659b-3p	MEDAG	0.8471938	Oligodendrocyte
hsa-miR-548ae-3p	NAMPT	0.84560937	Oligodendrocyte
hsa-miR-548ae-3p	PTH2R	0.8453291	Oligodendrocyte
hsa-miR-4659b-3p	IL1R1	0.8437288	Oligodendrocyte
hsa-miR-548aq-3p	PALM2AKAP2	0.84316736	Oligodendrocyte
hsa-miR-3123	LPP	0.842817	Oligodendrocyte
hsa-miR-4659b-3p	PCDH15	0.8403132	Oligodendrocyte
hsa-miR-548aq-3p	SOX2	0.8393313	Oligodendrocyte
hsa-miR-3180-5p	CD36	0.83889794	Oligodendrocyte
hsa-miR-548ae-3p	FGFR3	0.83559644	Oligodendrocyte
hsa-miR-4795-3p	DLK1	0.83517283	Oligodendrocyte
hsa-miR-548ae-3p	BCOR	0.83395696	Oligodendrocyte
hsa-miR-17-5p	BCL11B	0.8327907	Oligodendrocyte
hsa-miR-1283	PDZRN3	0.8322046	Oligodendrocyte
hsa-miR-6872-3p	SH3BGR	0.83178264	Oligodendrocyte
hsa-miR-6837-5p	SBK1	0.8289529	Oligodendrocyte
hsa-miR-4659b-3p	ADAMTS6	0.82881397	Oligodendrocyte
hsa-miR-140-5p	ROR1	0.82864004	Oligodendrocyte
hsa-miR-17-5p	HAS2	0.8283968	Oligodendrocyte
hsa-miR-3123	BACH1	0.82682717	Oligodendrocyte
hsa-miR-17-5p	FAT2	0.82532173	Oligodendrocyte
hsa-miR-548ae-3p	TRHDE	0.8248445	Oligodendrocyte
hsa-miR-548aq-3p	CECR2	0.8246616	Oligodendrocyte
hsa-miR-140-5p	ANO6	0.8240785	Oligodendrocyte
hsa-miR-548aq-3p	RBM47	0.8229856	Oligodendrocyte
hsa-miR-4659b-3p	CA10	0.82274336	Oligodendrocyte
hsa-miR-548aq-3p	GAS1	0.82239693	Oligodendrocyte
hsa-miR-3180-5p	NOX4	0.82135993	Oligodendrocyte
hsa-miR-1283	OLR1	0.8210781	Oligodendrocyte
hsa-miR-548ae-3p	PAG1	0.8210589	Oligodendrocyte
hsa-miR-4795-3p	LINGO1	0.8202163	Oligodendrocyte
hsa-miR-548au-5p	JARID2	0.81966215	Oligodendrocyte
hsa-miR-548ae-3p	CECR2	0.8188469	Oligodendrocyte
hsa-miR-1283	HES1	0.8177192	Oligodendrocyte
hsa-miR-548as-5p	LPP	0.8157864	Oligodendrocyte
hsa-miR-17-5p	PDGFRA	0.8146958	Oligodendrocyte
hsa-miR-4659b-3p	EBF1	0.81432974	Oligodendrocyte
hsa-miR-585-5p	KIAA1217	0.8137628	Oligodendrocyte
hsa-miR-548aq-3p	MYC	0.8135272	Oligodendrocyte
hsa-miR-4659b-3p	EYS	0.8123636	Oligodendrocyte
hsa-miR-548as-5p	NOTCH2	0.8123054	Oligodendrocyte
hsa-miR-3180-5p	CD86	0.8118165	Oligodendrocyte
hsa-miR-548aq-3p	FOXP2	0.8110197	Oligodendrocyte
hsa-miR-548aq-3p	YES1	0.8109169	Oligodendrocyte
hsa-miR-548aq-3p	ARHGAP29	0.81073195	Oligodendrocyte
hsa-miR-4692	EGFLAM	0.8094376	Oligodendrocyte
hsa-miR-548as-5p	FNDC3B	0.8085717	Oligodendrocyte
hsa-miR-3123	IKZF1	0.8074748	Oligodendrocyte
hsa-miR-4659b-3p	CALCRL	0.80621296	Oligodendrocyte
hsa-miR-3123	PAG1	0.80618846	Oligodendrocyte
hsa-miR-548aq-3p	NOTCH2	0.8059422	Oligodendrocyte
hsa-miR-548as-5p	DDIT4	0.80381197	Oligodendrocyte
hsa-miR-548ae-3p	PELI1	0.8027883	Oligodendrocyte
hsa-miR-1283	THSD7B	0.8022075	Oligodendrocyte
hsa-miR-4659b-3p	RSPO3	0.8015464	Oligodendrocyte
hsa-miR-548as-5p	COL11A1	0.7997352	Oligodendrocyte
hsa-miR-17-5p	PLXDC2	0.7976439	Oligodendrocyte
hsa-miR-140-5p	IGFBP5	0.79729676	Oligodendrocyte
hsa-miR-548aq-3p	SLC7A11	0.7969077	Oligodendrocyte
hsa-miR-548aq-3p	ST6GAL1	0.79619825	Oligodendrocyte
hsa-miR-3180-5p	HTR2C	0.7958537	Oligodendrocyte
hsa-miR-4659b-3p	PMCH	0.7958472	Oligodendrocyte
hsa-miR-4659b-3p	PLXNA4	0.79579675	Oligodendrocyte
hsa-miR-548as-5p	PREX2	0.79492277	Oligodendrocyte
hsa-miR-585-5p	ANKRD13B	0.79487544	Oligodendrocyte
hsa-miR-18b-5p	XYLT1	0.79419106	Oligodendrocyte
hsa-miR-4659b-3p	CDC14A	0.79328215	Oligodendrocyte
hsa-miR-1283	PTPRZ1	0.79319745	Oligodendrocyte
hsa-miR-4659b-3p	ID4	0.79263115	Oligodendrocyte
hsa-miR-1283	SOD2	0.7925078	Oligodendrocyte
hsa-miR-1283	MAP3K1	0.79113	Oligodendrocyte
hsa-miR-4659b-3p	SLC4A4	0.7909142	Oligodendrocyte
hsa-miR-548ae-3p	SLC7A11	0.7906805	Oligodendrocyte
hsa-miR-4659b-3p	CRIM1	0.7897921	Oligodendrocyte
hsa-miR-17-5p	PAG1	0.7874301	Oligodendrocyte
hsa-miR-548aq-3p	GPC6	0.78498346	Oligodendrocyte
hsa-miR-548ae-3p	GAS1	0.7832473	Oligodendrocyte
hsa-miR-3123	GPC6	0.7829386	Oligodendrocyte
hsa-miR-548ae-3p	PHACTR2	0.7826682	Oligodendrocyte
hsa-miR-3180-5p	TENM3	0.7809908	Oligodendrocyte
hsa-miR-17-5p	LRIG1	0.7804617	Oligodendrocyte
hsa-miR-548as-5p	RFC3	0.7802094	Oligodendrocyte
hsa-miR-4659b-3p	SAMD4A	0.7783584	Oligodendrocyte
hsa-miR-17-5p	TGFBR2	0.7782725	Oligodendrocyte
hsa-miR-4769-3p	SEMA6A	0.7775031	Oligodendrocyte
hsa-miR-4659b-3p	COL4A4	0.7771766	Oligodendrocyte
hsa-miR-4659b-3p	DIO2	0.77627814	Oligodendrocyte
hsa-miR-548ae-3p	RBBP8	0.77627194	Oligodendrocyte
hsa-miR-6837-5p	CHAC1	0.77612036	Oligodendrocyte
hsa-miR-548aq-3p	IQGAP2	0.77000785	Oligodendrocyte
hsa-miR-548aq-3p	RBMS3	0.76964056	Oligodendrocyte
hsa-miR-548aq-3p	SOX6	0.76884806	Oligodendrocyte
hsa-miR-4659b-3p	ABCA1	0.76587003	Oligodendrocyte
hsa-miR-146a-3p	SHISA6	0.7656935	Oligodendrocyte
hsa-miR-4795-3p	ETS2	0.7616032	Oligodendrocyte
hsa-miR-548ae-3p	ANO4	0.7614577	Oligodendrocyte
hsa-miR-3123	NOTCH2	0.7600955	Oligodendrocyte
hsa-miR-146a-3p	ETS2	0.75991225	Oligodendrocyte
hsa-miR-17-5p	TMEM100	0.7595072	Oligodendrocyte
hsa-miR-548ae-3p	DPP10	0.7590336	Oligodendrocyte
hsa-miR-4659b-3p	MAF	0.75855935	Oligodendrocyte
hsa-miR-548ae-3p	SOX2	0.75818753	Oligodendrocyte
hsa-miR-548au-5p	GPC6	0.7579188	Oligodendrocyte
hsa-miR-548au-5p	IGSF3	0.75775886	Oligodendrocyte
hsa-miR-3680-3p	SOX6	0.96989286	T_cell
hsa-miR-3680-3p	RBMS3	0.9557634	T_cell
hsa-miR-548aq-3p	COL1A1	0.9530902	T_cell
hsa-miR-3180-5p	PCSK6	0.9526976	T_cell
hsa-miR-200b-3p	LOX	0.9492443	T_cell
hsa-miR-450b-5p	PLXDC2	0.9490407	T_cell
hsa-miR-4775	RBMS3	0.94694126	T_cell
hsa-miR-548aq-3p	IGFBP3	0.94551414	T_cell
hsa-miR-4659b-3p	IGDCC4	0.94297296	T_cell
hsa-miR-3180-5p	MAMDC2	0.94293517	T_cell
hsa-miR-3180-5p	ZFHX4	0.94166267	T_cell
hsa-miR-548aq-3p	COL4A1	0.94137263	T_cell
hsa-miR-548aq-3p	THSD7B	0.9384773	T_cell
hsa-miR-3180-5p	BACE2	0.93673927	T_cell
hsa-miR-3180-5p	BACH2	0.9360071	T_cell
hsa-miR-3180-5p	OLR1	0.9338541	T_cell
hsa-miR-4775	SLC16A1	0.9328134	T_cell
hsa-miR-4775	PCDH17	0.93252015	T_cell
hsa-miR-494-3p	PELI1	0.9321944	T_cell
hsa-miR-200b-3p	PAG1	0.9317528	T_cell
hsa-miR-200b-3p	ATP11C	0.9316501	T_cell
hsa-miR-200b-3p	MAP3K1	0.92840636	T_cell
hsa-miR-551b-5p	VGLL3	0.9267656	T_cell
hsa-miR-200b-3p	FNDC3B	0.925889	T_cell
hsa-miR-3680-3p	PAG1	0.9252602	T_cell
hsa-miR-4775	PHACTR2	0.92442757	T_cell
hsa-miR-450b-5p	ZNF366	0.9238904	T_cell
hsa-miR-3680-3p	SEMA6A	0.92245954	T_cell
hsa-miR-4775	PRKG2	0.92165774	T_cell
hsa-miR-450b-5p	SOX6	0.9196103	T_cell
hsa-miR-4659b-3p	CYTL1	0.9184005	T_cell
hsa-miR-551b-5p	TMEM47	0.9166609	T_cell
hsa-miR-4775	KITLG	0.9165158	T_cell
hsa-miR-4769-3p	RASSF3	0.9162576	T_cell
hsa-miR-4775	TLL1	0.91550446	T_cell
hsa-miR-4775	ITGA6	0.9149246	T_cell
hsa-miR-548aq-3p	ROR1	0.9148481	T_cell
hsa-miR-450b-5p	SORCS1	0.91055506	T_cell
hsa-miR-4775	CRISPLD1	0.9101821	T_cell
hsa-miR-450b-5p	BCL11B	0.90986097	T_cell
hsa-miR-3180-5p	PFN2	0.9088612	T_cell
hsa-miR-450b-5p	RBMS3	0.9086886	T_cell
hsa-miR-200b-3p	KDR	0.9081903	T_cell
hsa-miR-3180-5p	NEDD9	0.90816194	T_cell
hsa-miR-450b-5p	BACH2	0.90806586	T_cell
hsa-miR-551b-5p	TC2N	0.90790284	T_cell
hsa-miR-140-5p	TGFBR1	0.9078973	T_cell
hsa-miR-450b-5p	ATP11C	0.90693593	T_cell
hsa-miR-450b-5p	DLK1	0.9067519	T_cell
hsa-miR-548aq-3p	TFPI2	0.905659	T_cell
hsa-miR-4775	BRIP1	0.9055598	T_cell
hsa-miR-200b-3p	CECR2	0.90533453	T_cell
hsa-miR-200b-3p	PRDM1	0.9041687	T_cell
hsa-miR-4775	PALM2AKAP2	0.90399635	T_cell
hsa-miR-4775	XYLT1	0.90296733	T_cell
hsa-miR-4775	SEMA3E	0.9029129	T_cell
hsa-miR-548aq-3p	TGFBR1	0.9012501	T_cell
hsa-miR-3180-5p	ABTB2	0.90095323	T_cell
hsa-miR-4775	PAG1	0.90091926	T_cell
hsa-miR-200b-3p	DGKH	0.90076524	T_cell
hsa-miR-4659b-3p	NEUROD1	0.9003486	T_cell
hsa-miR-19b-3p	ROR1	0.9002024	T_cell
hsa-miR-548aq-3p	SCG2	0.8998735	T_cell
hsa-miR-19b-3p	SOX6	0.8988278	T_cell
hsa-miR-200b-3p	NR5A2	0.8979632	T_cell
hsa-miR-551b-5p	LPP	0.8974878	T_cell
hsa-miR-133a-3p	EMP2	0.8968021	T_cell
hsa-miR-200b-3p	IGF2R	0.8965003	T_cell
hsa-miR-3180-5p	NXPH1	0.896033	T_cell
hsa-miR-4775	EPHA7	0.89563924	T_cell
hsa-miR-3680-3p	MAP3K1	0.8954509	T_cell
hsa-miR-4775	CTTNBP2NL	0.8946773	T_cell
hsa-miR-4659b-3p	PLXDC2	0.8943622	T_cell
hsa-miR-494-3p	TBC1D4	0.89411074	T_cell
hsa-miR-4775	SEMA5A	0.8939044	T_cell
hsa-miR-3680-3p	PALLD	0.89342535	T_cell
hsa-miR-450b-5p	MAMDC2	0.8928691	T_cell
hsa-miR-4659b-3p	TNFSF13B	0.8924447	T_cell
hsa-miR-4775	SRGAP2	0.89239997	T_cell
hsa-miR-4659b-3p	RBMS3	0.89220226	T_cell
hsa-miR-3680-3p	ZFP36L1	0.891416	T_cell
hsa-miR-4775	CBLB	0.88959664	T_cell
hsa-miR-551b-5p	FNDC3B	0.889372	T_cell
hsa-miR-551b-5p	CECR2	0.88935584	T_cell
hsa-miR-4659b-3p	COL4A1	0.88874197	T_cell
hsa-miR-4775	ITGA8	0.8880952	T_cell
hsa-miR-548aq-3p	RIMKLB	0.8877892	T_cell
hsa-miR-3180-5p	ADCY2	0.8874241	T_cell
hsa-miR-25-3p	ITGA6	0.886938	T_cell
hsa-miR-3680-3p	BACH2	0.8869078	T_cell
hsa-miR-3680-3p	BCL11B	0.8866876	T_cell
hsa-miR-3180-5p	TENM4	0.8861548	T_cell
hsa-miR-4775	SCIN	0.88578296	T_cell
hsa-miR-200b-3p	GJC1	0.88507926	T_cell
hsa-miR-548aq-3p	ZBTB2	0.8844348	T_cell
hsa-miR-19b-3p	IGFBP3	0.8838134	T_cell
hsa-miR-494-3p	PLOD2	0.88262767	T_cell
hsa-miR-551b-5p	CASZ1	0.8824006	T_cell
hsa-miR-3680-3p	RAI14	0.88213474	T_cell
hsa-miR-4775	PLXDC2	0.8815994	T_cell
hsa-miR-450b-5p	NR4A2	0.88111	T_cell
hsa-miR-548aq-3p	FGD6	0.8805422	T_cell
hsa-miR-4775	CRIM1	0.87938535	T_cell
hsa-miR-17-5p	PBX3	0.87909603	T_cell
hsa-miR-551b-5p	SLC7A11	0.8790159	T_cell
hsa-miR-200b-3p	RASSF8	0.87894547	T_cell
hsa-miR-4775	ST8SIA4	0.8787827	T_cell
hsa-miR-4775	THEMIS	0.87849414	T_cell
hsa-miR-19b-3p	GPCPD1	0.8784814	T_cell
hsa-miR-17-5p	CD69	0.8783944	T_cell
hsa-miR-551b-5p	COL1A2	0.8780363	T_cell
hsa-miR-4775	SEL1L3	0.8780004	T_cell
hsa-miR-4659b-3p	PRDM1	0.8770307	T_cell
hsa-miR-4775	MAN1A1	0.8764847	T_cell
hsa-miR-551b-5p	GABRG1	0.8758327	T_cell
hsa-miR-4775	HS3ST5	0.87548417	T_cell
hsa-miR-140-5p	PRDM1	0.87508667	T_cell
hsa-miR-200b-3p	CHSY1	0.87447304	T_cell
hsa-miR-548aq-3p	FGFR3	0.8742279	T_cell
hsa-miR-4775	USP6NL	0.8738133	T_cell
hsa-miR-4775	GPC6	0.8737355	T_cell
hsa-miR-494-3p	ALK	0.8721189	T_cell
hsa-miR-3680-3p	SLC2A3	0.8717196	T_cell
hsa-miR-200b-3p	TRHDE	0.8712963	T_cell
hsa-miR-551b-5p	MAB21L1	0.8712656	T_cell
hsa-miR-3180-5p	PADI2	0.8712588	T_cell
hsa-miR-4775	USP53	0.87099683	T_cell
hsa-miR-551b-5p	IQGAP2	0.8705512	T_cell
hsa-miR-551b-5p	SAMD4A	0.8704178	T_cell
hsa-miR-3680-3p	KCNN3	0.86993533	T_cell
hsa-miR-551b-5p	RND3	0.8698206	T_cell
hsa-miR-4775	SEMA3C	0.86956525	T_cell
hsa-miR-494-3p	TSHZ2	0.86920273	T_cell
hsa-miR-450b-5p	ZNF516	0.8689943	T_cell
hsa-miR-3680-3p	CNTN5	0.86855954	T_cell
hsa-miR-494-3p	FSTL5	0.8684269	T_cell
hsa-miR-3180-5p	TNFRSF1A	0.8674966	T_cell
hsa-miR-200b-3p	DACH1	0.8674243	T_cell
hsa-miR-4775	MXRA5	0.8670833	T_cell
hsa-miR-3180-5p	SLC1A2	0.8663119	T_cell
hsa-miR-3180-5p	SNX7	0.86608267	T_cell
hsa-miR-4775	QRSL1	0.8659833	T_cell
hsa-miR-450b-5p	RUNX1	0.86592233	T_cell
hsa-miR-4659b-3p	RIMKLB	0.8654819	T_cell
hsa-miR-200b-3p	FSTL1	0.8653986	T_cell
hsa-miR-4775	SLIT2	0.86512333	T_cell
hsa-miR-548aq-3p	SCN9A	0.86503524	T_cell
hsa-miR-450b-5p	FNDC3B	0.8646955	T_cell
hsa-miR-494-3p	NAMPT	0.86436474	T_cell
hsa-miR-3180-5p	QRSL1	0.86384475	T_cell
hsa-miR-548aq-3p	FSTL1	0.8621594	T_cell
hsa-miR-548aq-3p	PYGO1	0.8620616	T_cell
hsa-miR-4775	VGLL3	0.860912	T_cell
hsa-miR-19b-3p	NEUROD1	0.8605679	T_cell
hsa-miR-548aq-3p	CCL3L3	0.86046517	T_cell
hsa-miR-200b-3p	RIPK2	0.8604141	T_cell
hsa-miR-3680-3p	PCSK5	0.8596307	T_cell
hsa-miR-551b-5p	S1PR1	0.8594334	T_cell
hsa-miR-3680-3p	FNDC3B	0.8592553	T_cell
hsa-miR-202-3p	PEG10	0.85885775	T_cell
hsa-miR-200b-3p	CRH	0.85812324	T_cell
hsa-miR-4775	IRAK3	0.85652333	T_cell
hsa-miR-494-3p	ZFHX4	0.8564543	T_cell
hsa-miR-548aq-3p	PTH2R	0.85606724	T_cell
hsa-miR-4659b-3p	DACH1	0.8559846	T_cell
hsa-miR-4659b-3p	ST8SIA4	0.8552932	T_cell
hsa-miR-200b-3p	HS3ST3A1	0.8549847	T_cell
hsa-miR-3180-5p	KLHL13	0.8547912	T_cell
hsa-miR-494-3p	TOR1AIP1	0.85371363	T_cell
hsa-miR-548aq-3p	VGLL3	0.8534019	T_cell
hsa-miR-4775	LPP	0.85246426	T_cell
hsa-miR-4775	PREX2	0.85058415	T_cell
hsa-miR-4775	ANTXR2	0.850193	T_cell
hsa-miR-548aq-3p	GNB4	0.8501151	T_cell
hsa-miR-4659b-3p	NR5A2	0.85001713	T_cell
hsa-miR-4775	EYS	0.8493582	T_cell
hsa-miR-3680-3p	CTTNBP2NL	0.848807	T_cell
hsa-miR-450b-5p	CTTNBP2NL	0.84758335	T_cell
hsa-miR-25-3p	COL27A1	0.84721696	T_cell
hsa-miR-4659b-3p	MEDAG	0.8471938	T_cell
hsa-miR-450b-5p	GPC6	0.84705716	T_cell
hsa-miR-4775	EGR1	0.8470013	T_cell
hsa-miR-3680-3p	ZBTB2	0.8466165	T_cell
hsa-miR-4775	SLC2A10	0.84582865	T_cell
hsa-miR-200b-3p	BCL11B	0.8453302	T_cell
hsa-miR-551b-5p	ANGPT1	0.8452873	T_cell
hsa-miR-200b-3p	SULF1	0.84508765	T_cell
hsa-miR-4775	NAMPT	0.84501064	T_cell
hsa-miR-4659b-3p	IL1R1	0.8437288	T_cell
hsa-miR-4775	GJC1	0.8434701	T_cell
hsa-miR-4775	MBL2	0.8432359	T_cell
hsa-miR-548aq-3p	PALM2AKAP2	0.84316736	T_cell
hsa-miR-25-3p	FZD10	0.8415198	T_cell
hsa-miR-4659b-3p	PCDH15	0.8403132	T_cell
hsa-miR-3680-3p	CNN3	0.8401091	T_cell
hsa-miR-3680-3p	CBLB	0.8396071	T_cell
hsa-miR-19b-3p	ARHGAP11A	0.83942336	T_cell
hsa-miR-548aq-3p	SOX2	0.8393313	T_cell
hsa-miR-3180-5p	CD36	0.83889794	T_cell
hsa-miR-450b-5p	ISM1	0.8383457	T_cell
hsa-miR-548aq-3p	COL1A1	0.9530902	Th17
hsa-miR-3180-5p	PCSK6	0.9526976	Th17
hsa-miR-200b-3p	LOX	0.9492443	Th17
hsa-miR-548aq-3p	IGFBP3	0.94551414	Th17
hsa-miR-4659b-3p	IGDCC4	0.94297296	Th17
hsa-miR-3180-5p	MAMDC2	0.94293517	Th17
hsa-miR-3180-5p	ZFHX4	0.94166267	Th17
hsa-miR-548aq-3p	COL4A1	0.94137263	Th17
hsa-miR-548aq-3p	THSD7B	0.9384773	Th17
hsa-miR-3180-5p	BACE2	0.93673927	Th17
hsa-miR-3180-5p	BACH2	0.9360071	Th17
hsa-miR-3180-5p	OLR1	0.9338541	Th17
hsa-miR-200b-3p	PAG1	0.9317528	Th17
hsa-miR-200b-3p	ATP11C	0.9316501	Th17
hsa-miR-200b-3p	MAP3K1	0.92840636	Th17
hsa-miR-551b-5p	VGLL3	0.9267656	Th17
hsa-miR-200b-3p	FNDC3B	0.925889	Th17
hsa-miR-4659b-3p	CYTL1	0.9184005	Th17
hsa-miR-551b-5p	TMEM47	0.9166609	Th17
hsa-miR-548aq-3p	ROR1	0.9148481	Th17
hsa-miR-3180-5p	PFN2	0.9088612	Th17
hsa-miR-200b-3p	KDR	0.9081903	Th17
hsa-miR-3180-5p	NEDD9	0.90816194	Th17
hsa-miR-551b-5p	TC2N	0.90790284	Th17
hsa-miR-140-5p	TGFBR1	0.9078973	Th17
hsa-miR-548aq-3p	TFPI2	0.905659	Th17
hsa-miR-200b-3p	CECR2	0.90533453	Th17
hsa-miR-200b-3p	PRDM1	0.9041687	Th17
hsa-miR-6830-5p	ATP1B2	0.902106	Th17
hsa-miR-548aq-3p	TGFBR1	0.9012501	Th17
hsa-miR-3180-5p	ABTB2	0.90095323	Th17
hsa-miR-200b-3p	DGKH	0.90076524	Th17
hsa-miR-146a-3p	MASP1	0.90041083	Th17
hsa-miR-4659b-3p	NEUROD1	0.9003486	Th17
hsa-miR-548aq-3p	SCG2	0.8998735	Th17
hsa-miR-200b-3p	NR5A2	0.8979632	Th17
hsa-miR-551b-5p	LPP	0.8974878	Th17
hsa-miR-200b-3p	IGF2R	0.8965003	Th17
hsa-miR-3180-5p	NXPH1	0.896033	Th17
hsa-miR-3163	IGFBP3	0.8947471	Th17
hsa-miR-1283	HSPA1B	0.8947014	Th17
hsa-miR-4659b-3p	PLXDC2	0.8943622	Th17
hsa-miR-4659b-3p	TNFSF13B	0.8924447	Th17
hsa-miR-4659b-3p	RBMS3	0.89220226	Th17
hsa-miR-551b-5p	FNDC3B	0.889372	Th17
hsa-miR-551b-5p	CECR2	0.88935584	Th17
hsa-miR-4659b-3p	COL4A1	0.88874197	Th17
hsa-miR-548aq-3p	RIMKLB	0.8877892	Th17
hsa-miR-3180-5p	ADCY2	0.8874241	Th17
hsa-miR-3180-5p	TENM4	0.8861548	Th17
hsa-miR-200b-3p	GJC1	0.88507926	Th17
hsa-miR-548aq-3p	ZBTB2	0.8844348	Th17
hsa-miR-371b-5p	C5AR1	0.8829234	Th17
hsa-miR-551b-5p	CASZ1	0.8824006	Th17
hsa-miR-548aq-3p	FGD6	0.8805422	Th17
hsa-miR-551b-5p	SLC7A11	0.8790159	Th17
hsa-miR-200b-3p	RASSF8	0.87894547	Th17
hsa-miR-551b-5p	COL1A2	0.8780363	Th17
hsa-miR-4659b-3p	PRDM1	0.8770307	Th17
hsa-miR-551b-5p	GABRG1	0.8758327	Th17
hsa-miR-140-5p	PRDM1	0.87508667	Th17
hsa-miR-200b-3p	CHSY1	0.87447304	Th17
hsa-miR-548aq-3p	FGFR3	0.8742279	Th17
hsa-miR-200b-3p	TRHDE	0.8712963	Th17
hsa-miR-551b-5p	MAB21L1	0.8712656	Th17
hsa-miR-3180-5p	PADI2	0.8712588	Th17
hsa-miR-3163	TFPI	0.87066597	Th17
hsa-miR-551b-5p	IQGAP2	0.8705512	Th17
hsa-miR-551b-5p	SAMD4A	0.8704178	Th17
hsa-miR-551b-5p	RND3	0.8698206	Th17
hsa-miR-3180-5p	TNFRSF1A	0.8674966	Th17
hsa-miR-200b-3p	DACH1	0.8674243	Th17
hsa-miR-3180-5p	SLC1A2	0.8663119	Th17
hsa-miR-3180-5p	SNX7	0.86608267	Th17
hsa-miR-4659b-3p	RIMKLB	0.8654819	Th17
hsa-miR-200b-3p	FSTL1	0.8653986	Th17
hsa-miR-548aq-3p	SCN9A	0.86503524	Th17
hsa-miR-3180-5p	QRSL1	0.86384475	Th17
hsa-miR-585-5p	SPARC	0.8631871	Th17
hsa-miR-548aq-3p	FSTL1	0.8621594	Th17
hsa-miR-548aq-3p	PYGO1	0.8620616	Th17
hsa-miR-146a-3p	VAV3	0.8620221	Th17
hsa-miR-3163	IRAK3	0.8614598	Th17
hsa-miR-548aq-3p	CCL3L3	0.86046517	Th17
hsa-miR-200b-3p	RIPK2	0.8604141	Th17
hsa-miR-551b-5p	S1PR1	0.8594334	Th17
hsa-miR-202-3p	PEG10	0.85885775	Th17
hsa-miR-200b-3p	CRH	0.85812324	Th17
hsa-miR-3163	MAMDC2	0.8568093	Th17
hsa-miR-548aq-3p	PTH2R	0.85606724	Th17
hsa-miR-4659b-3p	DACH1	0.8559846	Th17
hsa-miR-4659b-3p	ST8SIA4	0.8552932	Th17
hsa-miR-200b-3p	HS3ST3A1	0.8549847	Th17
hsa-miR-3180-5p	KLHL13	0.8547912	Th17
hsa-miR-548aq-3p	VGLL3	0.8534019	Th17
hsa-miR-548aq-3p	GNB4	0.8501151	Th17
hsa-miR-4659b-3p	NR5A2	0.85001713	Th17
hsa-miR-371b-5p	PYGO1	0.84818095	Th17
hsa-miR-4659b-3p	MEDAG	0.8471938	Th17
hsa-miR-371b-5p	FRZB	0.84647405	Th17
hsa-miR-3163	ITGA8	0.8461291	Th17
hsa-miR-200b-3p	BCL11B	0.8453302	Th17
hsa-miR-551b-5p	ANGPT1	0.8452873	Th17
hsa-miR-200b-3p	SULF1	0.84508765	Th17
hsa-miR-4659b-3p	IL1R1	0.8437288	Th17
hsa-miR-548aq-3p	PALM2AKAP2	0.84316736	Th17
hsa-miR-4659b-3p	PCDH15	0.8403132	Th17
hsa-miR-548aq-3p	SOX2	0.8393313	Th17
hsa-miR-3180-5p	CD36	0.83889794	Th17
hsa-miR-202-3p	RCN1	0.83791476	Th17
hsa-miR-200b-3p	FLI1	0.8367596	Th17
hsa-miR-551b-5p	SLA2	0.835981	Th17
hsa-miR-1283	PDZRN3	0.8322046	Th17
hsa-miR-6872-3p	SH3BGR	0.83178264	Th17
hsa-miR-3163	KIT	0.8303091	Th17
hsa-miR-4659b-3p	ADAMTS6	0.82881397	Th17
hsa-miR-3163	MOXD1	0.828749	Th17
hsa-miR-140-5p	ROR1	0.82864004	Th17
hsa-miR-200b-3p	ANKRD44	0.82764643	Th17
hsa-miR-551b-5p	MAP3K7CL	0.82551163	Th17
hsa-miR-551b-5p	GABPB1	0.82528895	Th17
hsa-miR-548aq-3p	CECR2	0.8246616	Th17
hsa-miR-140-5p	ANO6	0.8240785	Th17
hsa-miR-371b-5p	RIMKLB	0.823205	Th17
hsa-miR-548aq-3p	RBM47	0.8229856	Th17
hsa-miR-3163	LOX	0.82293713	Th17
hsa-miR-4659b-3p	CA10	0.82274336	Th17
hsa-miR-548aq-3p	GAS1	0.82239693	Th17
hsa-miR-3180-5p	NOX4	0.82135993	Th17
hsa-miR-1283	OLR1	0.8210781	Th17
hsa-miR-6830-5p	PALM2AKAP2	0.82046115	Th17
hsa-miR-3163	MEX3A	0.81998026	Th17
hsa-miR-6513-3p	ATP10A	0.81854934	Th17
hsa-miR-1283	HES1	0.8177192	Th17
hsa-miR-551b-5p	ARF6	0.81725407	Th17
hsa-miR-202-3p	COL4A2	0.817056	Th17
hsa-miR-551b-5p	IGF2BP3	0.8167741	Th17
hsa-miR-200b-3p	SLC1A2	0.81643164	Th17
hsa-miR-200b-3p	ARHGAP6	0.8147887	Th17
hsa-miR-4659b-3p	EBF1	0.81432974	Th17
hsa-miR-585-5p	KIAA1217	0.8137628	Th17
hsa-miR-548aq-3p	MYC	0.8135272	Th17
hsa-miR-6513-3p	MCC	0.8134041	Th17
hsa-miR-200b-3p	KYNU	0.8128022	Th17
hsa-miR-4659b-3p	EYS	0.8123636	Th17
hsa-miR-3180-5p	CD86	0.8118165	Th17
hsa-miR-548aq-3p	FOXP2	0.8110197	Th17
hsa-miR-548aq-3p	YES1	0.8109169	Th17
hsa-miR-548aq-3p	ARHGAP29	0.81073195	Th17
hsa-miR-3163	MYO10	0.80809444	Th17
hsa-miR-3163	PLXDC2	0.8073035	Th17
hsa-miR-3163	TNR	0.80720055	Th17
hsa-miR-4659b-3p	CALCRL	0.80621296	Th17
hsa-miR-548aq-3p	NOTCH2	0.8059422	Th17
hsa-miR-200b-3p	ERG	0.8047908	Th17
hsa-miR-1283	THSD7B	0.8022075	Th17
hsa-miR-4659b-3p	RSPO3	0.8015464	Th17
hsa-miR-200b-3p	KLF6	0.801535	Th17
hsa-miR-200b-3p	FN1	0.79974073	Th17
hsa-miR-200b-3p	SRGAP1	0.7985181	Th17
hsa-miR-140-5p	IGFBP5	0.79729676	Th17
hsa-miR-548aq-3p	SLC7A11	0.7969077	Th17
hsa-miR-5580-3p	PFN2	0.79659826	Th17
hsa-miR-548aq-3p	ST6GAL1	0.79619825	Th17
hsa-miR-3163	APOLD1	0.79599065	Th17
hsa-miR-3180-5p	HTR2C	0.7958537	Th17
hsa-miR-4659b-3p	PMCH	0.7958472	Th17
hsa-miR-4659b-3p	PLXNA4	0.79579675	Th17
hsa-miR-200b-3p	CHRM2	0.7952675	Th17
hsa-miR-200b-3p	SLIT2	0.79488105	Th17
hsa-miR-585-5p	ANKRD13B	0.79487544	Th17
hsa-miR-371b-5p	EMP2	0.79484874	Th17
hsa-miR-3163	PELI1	0.7941732	Th17
hsa-miR-4659b-3p	CDC14A	0.79328215	Th17
hsa-miR-1283	PTPRZ1	0.79319745	Th17
hsa-miR-3163	VAV3	0.7927184	Th17
hsa-miR-4659b-3p	ID4	0.79263115	Th17
hsa-miR-1283	SOD2	0.7925078	Th17
hsa-miR-4438	TFPI	0.7914717	Th17
hsa-miR-200b-3p	MATR3	0.7913985	Th17
hsa-miR-1283	MAP3K1	0.79113	Th17
hsa-miR-4659b-3p	SLC4A4	0.7909142	Th17
hsa-miR-4659b-3p	CRIM1	0.7897921	Th17
hsa-miR-6513-3p	MAB21L1	0.78926843	Th17
hsa-miR-3163	CGNL1	0.78868705	Th17
hsa-miR-3163	KITLG	0.7872761	Th17
hsa-miR-5580-3p	PHACTR2	0.78508496	Th17
hsa-miR-548aq-3p	GPC6	0.78498346	Th17
hsa-miR-371b-5p	ITGAX	0.78435045	Th17
hsa-miR-200b-3p	RND3	0.7829694	Th17
hsa-miR-3180-5p	TENM3	0.7809908	Th17
hsa-miR-4659b-3p	SAMD4A	0.7783584	Th17
hsa-miR-4659b-3p	COL4A4	0.7771766	Th17
hsa-miR-551b-5p	RASSF8	0.77704805	Th17
hsa-miR-551b-5p	ZFHX4	0.7766585	Th17
hsa-miR-4659b-3p	DIO2	0.77627814	Th17
hsa-miR-371b-5p	ZNF286B	0.77616096	Th17
hsa-miR-3163	NEUROD1	0.77533567	Th17
hsa-miR-200b-3p	GLI3	0.7703967	Th17
hsa-miR-548aq-3p	IQGAP2	0.77000785	Th17
hsa-miR-3680-3p	SOX6	0.96989286	Treg
hsa-miR-3680-3p	RBMS3	0.9557634	Treg
hsa-miR-3180-5p	PCSK6	0.9526976	Treg
hsa-miR-200b-3p	LOX	0.9492443	Treg
hsa-miR-4659b-3p	IGDCC4	0.94297296	Treg
hsa-miR-3180-5p	MAMDC2	0.94293517	Treg
hsa-miR-3180-5p	ZFHX4	0.94166267	Treg
hsa-miR-3180-5p	BACE2	0.93673927	Treg
hsa-miR-3180-5p	BACH2	0.9360071	Treg
hsa-miR-3180-5p	OLR1	0.9338541	Treg
hsa-miR-200b-3p	PAG1	0.9317528	Treg
hsa-miR-200b-3p	ATP11C	0.9316501	Treg
hsa-miR-200b-3p	MAP3K1	0.92840636	Treg
hsa-miR-200b-3p	FNDC3B	0.925889	Treg
hsa-miR-3680-3p	PAG1	0.9252602	Treg
hsa-miR-3680-3p	SEMA6A	0.92245954	Treg
hsa-miR-4659b-3p	CYTL1	0.9184005	Treg
hsa-miR-3180-5p	PFN2	0.9088612	Treg
hsa-miR-200b-3p	KDR	0.9081903	Treg
hsa-miR-3180-5p	NEDD9	0.90816194	Treg
hsa-miR-140-5p	TGFBR1	0.9078973	Treg
hsa-miR-200b-3p	CECR2	0.90533453	Treg
hsa-miR-200b-3p	PRDM1	0.9041687	Treg
hsa-miR-3180-5p	ABTB2	0.90095323	Treg
hsa-miR-200b-3p	DGKH	0.90076524	Treg
hsa-miR-146a-3p	MASP1	0.90041083	Treg
hsa-miR-4659b-3p	NEUROD1	0.9003486	Treg
hsa-miR-19b-3p	ROR1	0.9002024	Treg
hsa-miR-19b-3p	SOX6	0.8988278	Treg
hsa-miR-200b-3p	NR5A2	0.8979632	Treg
hsa-miR-133a-3p	EMP2	0.8968021	Treg
hsa-miR-200b-3p	IGF2R	0.8965003	Treg
hsa-miR-3180-5p	NXPH1	0.896033	Treg
hsa-miR-3680-3p	MAP3K1	0.8954509	Treg
hsa-miR-3163	IGFBP3	0.8947471	Treg
hsa-miR-1283	HSPA1B	0.8947014	Treg
hsa-miR-4659b-3p	PLXDC2	0.8943622	Treg
hsa-miR-3680-3p	PALLD	0.89342535	Treg
hsa-miR-4659b-3p	TNFSF13B	0.8924447	Treg
hsa-miR-4659b-3p	RBMS3	0.89220226	Treg
hsa-miR-3680-3p	ZFP36L1	0.891416	Treg
hsa-miR-4659b-3p	COL4A1	0.88874197	Treg
hsa-miR-3180-5p	ADCY2	0.8874241	Treg
hsa-miR-25-3p	ITGA6	0.886938	Treg
hsa-miR-3680-3p	BACH2	0.8869078	Treg
hsa-miR-3680-3p	BCL11B	0.8866876	Treg
hsa-miR-3180-5p	TENM4	0.8861548	Treg
hsa-miR-200b-3p	GJC1	0.88507926	Treg
hsa-miR-19b-3p	IGFBP3	0.8838134	Treg
hsa-miR-3680-3p	RAI14	0.88213474	Treg
hsa-miR-17-5p	PBX3	0.87909603	Treg
hsa-miR-200b-3p	RASSF8	0.87894547	Treg
hsa-miR-19b-3p	GPCPD1	0.8784814	Treg
hsa-miR-17-5p	CD69	0.8783944	Treg
hsa-miR-4659b-3p	PRDM1	0.8770307	Treg
hsa-miR-140-5p	PRDM1	0.87508667	Treg
hsa-miR-200b-3p	CHSY1	0.87447304	Treg
hsa-miR-3680-3p	SLC2A3	0.8717196	Treg
hsa-miR-200b-3p	TRHDE	0.8712963	Treg
hsa-miR-3180-5p	PADI2	0.8712588	Treg
hsa-miR-3163	TFPI	0.87066597	Treg
hsa-miR-3680-3p	KCNN3	0.86993533	Treg
hsa-miR-3680-3p	CNTN5	0.86855954	Treg
hsa-miR-3180-5p	TNFRSF1A	0.8674966	Treg
hsa-miR-200b-3p	DACH1	0.8674243	Treg
hsa-miR-3180-5p	SLC1A2	0.8663119	Treg
hsa-miR-3180-5p	SNX7	0.86608267	Treg
hsa-miR-4659b-3p	RIMKLB	0.8654819	Treg
hsa-miR-200b-3p	FSTL1	0.8653986	Treg
hsa-miR-3180-5p	QRSL1	0.86384475	Treg
hsa-miR-585-5p	SPARC	0.8631871	Treg
hsa-miR-146a-3p	VAV3	0.8620221	Treg
hsa-miR-3163	IRAK3	0.8614598	Treg
hsa-miR-6837-5p	IL1RN	0.8607922	Treg
hsa-miR-19b-3p	NEUROD1	0.8605679	Treg
hsa-miR-200b-3p	RIPK2	0.8604141	Treg
hsa-miR-3680-3p	PCSK5	0.8596307	Treg
hsa-miR-3123	COL4A6	0.8592876	Treg
hsa-miR-3680-3p	FNDC3B	0.8592553	Treg
hsa-miR-202-3p	PEG10	0.85885775	Treg
hsa-miR-200b-3p	CRH	0.85812324	Treg
hsa-miR-3163	MAMDC2	0.8568093	Treg
hsa-miR-4659b-3p	DACH1	0.8559846	Treg
hsa-miR-4659b-3p	ST8SIA4	0.8552932	Treg
hsa-miR-200b-3p	HS3ST3A1	0.8549847	Treg
hsa-miR-3180-5p	KLHL13	0.8547912	Treg
hsa-miR-3123	PALM2AKAP2	0.852477	Treg
hsa-miR-4659b-3p	NR5A2	0.85001713	Treg
hsa-miR-3680-3p	CTTNBP2NL	0.848807	Treg
hsa-miR-25-3p	COL27A1	0.84721696	Treg
hsa-miR-4659b-3p	MEDAG	0.8471938	Treg
hsa-miR-3680-3p	ZBTB2	0.8466165	Treg
hsa-miR-3163	ITGA8	0.8461291	Treg
hsa-miR-200b-3p	BCL11B	0.8453302	Treg
hsa-miR-200b-3p	SULF1	0.84508765	Treg
hsa-miR-4659b-3p	IL1R1	0.8437288	Treg
hsa-miR-3123	LPP	0.842817	Treg
hsa-miR-25-3p	FZD10	0.8415198	Treg
hsa-miR-4659b-3p	PCDH15	0.8403132	Treg
hsa-miR-3680-3p	CNN3	0.8401091	Treg
hsa-miR-3680-3p	CBLB	0.8396071	Treg
hsa-miR-19b-3p	ARHGAP11A	0.83942336	Treg
hsa-miR-3180-5p	CD36	0.83889794	Treg
hsa-miR-202-3p	RCN1	0.83791476	Treg
hsa-miR-200b-3p	FLI1	0.8367596	Treg
hsa-miR-19b-3p	ATP10A	0.83317703	Treg
hsa-miR-17-5p	BCL11B	0.8327907	Treg
hsa-miR-1283	PDZRN3	0.8322046	Treg
hsa-miR-19b-3p	PFN2	0.83170885	Treg
hsa-miR-19b-3p	ZNF516	0.8308421	Treg
hsa-miR-3163	KIT	0.8303091	Treg
hsa-miR-3680-3p	USP6NL	0.82948136	Treg
hsa-miR-6837-5p	SBK1	0.8289529	Treg
hsa-miR-4659b-3p	ADAMTS6	0.82881397	Treg
hsa-miR-3163	MOXD1	0.828749	Treg
hsa-miR-140-5p	ROR1	0.82864004	Treg
hsa-miR-17-5p	HAS2	0.8283968	Treg
hsa-miR-19b-3p	MAP3K1	0.82804334	Treg
hsa-miR-19b-3p	SOX4	0.827825	Treg
hsa-miR-200b-3p	ANKRD44	0.82764643	Treg
hsa-miR-3123	BACH1	0.82682717	Treg
hsa-miR-17-5p	FAT2	0.82532173	Treg
hsa-miR-140-5p	ANO6	0.8240785	Treg
hsa-miR-3680-3p	PLXNA4	0.8238857	Treg
hsa-miR-3163	LOX	0.82293713	Treg
hsa-miR-4659b-3p	CA10	0.82274336	Treg
hsa-miR-3680-3p	MAOA	0.8224997	Treg
hsa-miR-19b-3p	FOXP2	0.8214491	Treg
hsa-miR-3180-5p	NOX4	0.82135993	Treg
hsa-miR-1283	OLR1	0.8210781	Treg
hsa-miR-3163	MEX3A	0.81998026	Treg
hsa-miR-1283	HES1	0.8177192	Treg
hsa-miR-202-3p	COL4A2	0.817056	Treg
hsa-miR-200b-3p	SLC1A2	0.81643164	Treg
hsa-miR-3680-3p	FGFR3	0.8155289	Treg
hsa-miR-3680-3p	ATP11C	0.8154793	Treg
hsa-miR-200b-3p	ARHGAP6	0.8147887	Treg
hsa-miR-17-5p	PDGFRA	0.8146958	Treg
hsa-miR-4659b-3p	EBF1	0.81432974	Treg
hsa-miR-585-5p	KIAA1217	0.8137628	Treg
hsa-miR-200b-3p	KYNU	0.8128022	Treg
hsa-miR-19b-3p	RBMS3	0.8127136	Treg
hsa-miR-4659b-3p	EYS	0.8123636	Treg
hsa-miR-3180-5p	CD86	0.8118165	Treg
hsa-miR-19b-3p	LIN9	0.8093933	Treg
hsa-miR-3163	MYO10	0.80809444	Treg
hsa-miR-19b-3p	MID1	0.8079348	Treg
hsa-miR-3680-3p	F2R	0.8078949	Treg
hsa-miR-3123	IKZF1	0.8074748	Treg
hsa-miR-3163	PLXDC2	0.8073035	Treg
hsa-miR-3163	TNR	0.80720055	Treg
hsa-miR-4659b-3p	CALCRL	0.80621296	Treg
hsa-miR-3123	PAG1	0.80618846	Treg
hsa-miR-200b-3p	ERG	0.8047908	Treg
hsa-miR-3680-3p	TENT5C	0.8034088	Treg
hsa-miR-1283	THSD7B	0.8022075	Treg
hsa-miR-4659b-3p	RSPO3	0.8015464	Treg
hsa-miR-200b-3p	KLF6	0.801535	Treg
hsa-miR-3680-3p	EDN1	0.79985386	Treg
hsa-miR-200b-3p	FN1	0.79974073	Treg
hsa-miR-200b-3p	SRGAP1	0.7985181	Treg
hsa-miR-17-5p	PLXDC2	0.7976439	Treg
hsa-miR-140-5p	IGFBP5	0.79729676	Treg
hsa-miR-25-3p	ITGA8	0.7968925	Treg
hsa-miR-5580-3p	PFN2	0.79659826	Treg
hsa-miR-3163	APOLD1	0.79599065	Treg
hsa-miR-3180-5p	HTR2C	0.7958537	Treg
hsa-miR-4659b-3p	PMCH	0.7958472	Treg
hsa-miR-4659b-3p	PLXNA4	0.79579675	Treg
hsa-miR-200b-3p	CHRM2	0.7952675	Treg
hsa-miR-200b-3p	SLIT2	0.79488105	Treg
hsa-miR-585-5p	ANKRD13B	0.79487544	Treg
hsa-miR-767-5p	COL5A3	0.7947746	Treg
hsa-miR-3163	PELI1	0.7941732	Treg
hsa-miR-4659b-3p	CDC14A	0.79328215	Treg
hsa-miR-1283	PTPRZ1	0.79319745	Treg
hsa-miR-3163	VAV3	0.7927184	Treg
hsa-miR-4659b-3p	ID4	0.79263115	Treg
hsa-miR-1283	SOD2	0.7925078	Treg
hsa-miR-200b-3p	MATR3	0.7913985	Treg
hsa-miR-19b-3p	TIA1	0.79119766	Treg
hsa-miR-1283	MAP3K1	0.79113	Treg
hsa-miR-4659b-3p	SLC4A4	0.7909142	Treg
hsa-miR-4659b-3p	CRIM1	0.7897921	Treg
hsa-miR-3163	CGNL1	0.78868705	Treg
hsa-miR-17-5p	PAG1	0.7874301	Treg
hsa-miR-3163	KITLG	0.7872761	Treg
hsa-miR-3680-3p	TFRC	0.78699654	Treg
hsa-miR-5580-3p	PHACTR2	0.78508496	Treg
hsa-miR-200b-3p	RND3	0.7829694	Treg
hsa-miR-3123	GPC6	0.7829386	Treg
hsa-miR-3180-5p	TENM3	0.7809908	Treg
hsa-miR-25-3p	RBM47	0.7808311	Treg
hsa-miR-17-5p	LRIG1	0.7804617	Treg
hsa-miR-25-3p	IQGAP2	0.7793119	Treg
hsa-miR-3680-3p	GEM	0.7789447	Treg
hsa-miR-4659b-3p	SAMD4A	0.7783584	Treg
hsa-miR-17-5p	TGFBR2	0.7782725	Treg
hsa-miR-4659b-3p	COL4A4	0.7771766	Treg
hsa-miR-3680-3p	KCNMB2	0.77714753	Treg
